,index,type,fixed acidity,volatile acidity,citric acid,residual sugar,chlorides,free sulfur dioxide,total sulfur dioxide,density,pH,sulphates,alcohol,aprovado
0,3652,white,6.8,0.22,0.26,1.2,0.040999999999999995,29.0,182.0,0.9910399999999999,3.04,0.35,11.2,0
1,3506,white,7.2,0.27,0.37,5.4,0.026000000000000002,27.0,114.0,0.99174,3.13,0.84,12.7,0
2,2499,white,7.0,0.29,0.54,10.7,0.046,59.0,234.0,0.9966,3.05,0.61,9.5,0
3,1140,white,7.3,0.41,0.24,6.8,0.057,41.0,163.0,0.9949,3.2,0.41,9.9,1
4,3753,white,7.3,0.38,0.23,6.5,0.05,18.0,102.0,0.9930399999999999,3.1,0.55,11.2,0
5,3827,white,6.1,0.38,0.14,3.9,0.06,27.0,113.0,0.99344,3.07,0.34,9.2,0
6,1163,white,6.9,0.22,0.32,5.8,0.040999999999999995,20.0,119.0,0.9929600000000001,3.17,0.55,11.2,1
7,4189,red,8.0,0.57,0.23,3.2,0.073,17.0,119.0,0.99675,3.26,0.57,9.3,0
8,4425,red,8.1,0.87,0.0,2.2,0.084,10.0,31.0,0.99656,3.25,0.5,9.8,0
9,4619,red,8.0,0.28,0.44,1.8,0.081,28.0,68.0,0.9950100000000001,3.36,0.66,11.2,0
10,4584,red,7.8,0.815,0.01,2.6,0.07400000000000001,48.0,90.0,0.99621,3.38,0.62,10.8,0
11,4213,red,7.4,0.67,0.12,1.6,0.18600000000000003,5.0,21.0,0.996,3.39,0.54,9.5,0
12,793,white,7.0,0.2,0.31,8.0,0.05,29.0,213.0,0.9959600000000001,3.28,0.57,10.4,1
13,617,red,6.1,0.56,0.0,2.2,0.079,6.0,9.0,0.9948,3.59,0.54,11.5,1
14,1812,white,7.1,0.12,0.3,3.1,0.018000000000000002,15.0,37.0,0.9900399999999999,3.02,0.52,11.9,1
15,631,white,8.4,0.22,0.3,8.9,0.024,17.0,118.0,0.99456,2.99,0.34,10.5,1
16,4698,red,6.9,0.58,0.01,1.9,0.08,40.0,54.0,0.9968299999999999,3.4,0.73,9.7,0
17,1267,white,6.4,0.24,0.27,1.5,0.04,35.0,105.0,0.9891399999999999,3.13,0.3,12.4,1
18,1877,white,6.5,0.18,0.34,1.6,0.04,43.0,148.0,0.9912,3.32,0.59,11.5,1
19,109,red,10.0,0.46,0.44,2.9,0.065,4.0,8.0,0.99674,3.33,0.62,12.2,1
20,551,red,11.4,0.625,0.66,6.2,0.08800000000000001,6.0,24.0,0.9988,3.11,0.99,13.3,1
21,2426,white,5.9,0.36,0.04,5.7,0.046,21.0,87.0,0.9934,3.22,0.51,10.2,0
22,371,red,10.5,0.42,0.66,2.95,0.11599999999999999,12.0,29.0,0.997,3.24,0.75,11.7,1
23,4030,red,7.5,0.5,0.36,6.1,0.071,17.0,102.0,0.9978,3.35,0.8,10.5,0
24,3095,white,6.9,0.32,0.15,8.1,0.046,51.0,180.0,0.9958,3.13,0.45,8.9,0
25,4616,red,6.6,0.63,0.0,4.3,0.09300000000000001,51.0,77.5,0.9955799999999999,3.2,0.45,9.5,0
26,2226,white,6.5,0.33,0.38,2.5,0.047,30.0,148.0,0.98964,3.17,0.43,12.7,1
27,2722,white,6.1,0.36,0.58,15.0,0.044000000000000004,42.0,115.0,0.9978,3.15,0.51,9.0,0
28,3298,white,6.9,0.43,0.28,9.4,0.055999999999999994,29.0,183.0,0.9959399999999999,3.17,0.43,9.4,0
29,3026,white,6.6,0.28,0.3,7.8,0.049,57.0,202.0,0.9958,3.24,0.39,9.5,0
30,3617,white,7.5,0.34,0.24,3.85,0.031,5.0,34.0,0.99098,3.01,0.36,11.8,0
31,2629,white,7.0,0.57,0.1,8.3,0.094,23.0,188.0,0.9972,3.4,0.47,9.2,0
32,726,white,7.3,0.25,0.42,14.2,0.040999999999999995,57.0,182.0,0.9996,3.29,0.75,9.1,1
33,4377,red,8.1,0.38,0.48,1.8,0.157,5.0,17.0,0.9976,3.3,1.05,9.4,0
34,552,red,11.9,0.4,0.65,2.15,0.068,7.0,27.0,0.9988,3.06,0.68,11.3,1
35,4688,red,7.8,0.64,0.0,1.9,0.07200000000000001,27.0,55.0,0.9962,3.31,0.63,11.0,0
36,261,white,6.0,0.22,0.25,11.1,0.055999999999999994,112.0,177.0,0.9961,3.08,0.36,9.4,1
37,1879,white,7.1,0.13,0.29,15.5,0.064,56.0,115.5,0.9973700000000001,3.16,0.41,9.7,1
38,1957,white,7.6,0.1,0.33,1.0,0.031,33.0,93.0,0.9909399999999999,3.06,0.68,11.2,1
39,294,white,6.5,0.18,0.34,1.6,0.04,43.0,148.0,0.9912,3.32,0.59,11.5,1
40,330,red,10.1,0.65,0.37,5.1,0.11,11.0,65.0,1.0026,3.32,0.64,10.4,1
41,420,red,7.1,0.59,0.01,2.3,0.08,27.0,43.0,0.9955,3.42,0.58,10.7,1
42,2714,white,5.4,0.595,0.1,2.8,0.042,26.0,80.0,0.9932,3.36,0.38,9.3,0
43,1628,white,6.1,0.25,0.48,15.8,0.052000000000000005,25.0,94.0,0.99782,3.07,0.45,9.2,1
44,493,white,6.5,0.14,0.32,2.7,0.037000000000000005,18.0,89.0,0.9924,3.4,0.74,11.5,1
45,4540,red,8.5,0.46,0.59,1.4,0.414,16.0,45.0,0.99702,3.03,1.34,9.2,0
46,2998,white,8.4,0.17,0.31,5.4,0.052000000000000005,47.0,150.0,0.9953,3.24,0.38,9.8,0
47,4533,red,7.0,0.51,0.09,2.1,0.062,4.0,9.0,0.99584,3.35,0.54,10.5,0
48,1384,white,7.4,0.16,0.3,13.7,0.055999999999999994,33.0,168.0,0.99825,2.9,0.44,8.7,1
49,1168,white,7.6,0.27,0.25,13.9,0.05,45.0,199.0,0.9984,3.34,0.5,9.8,1
50,4324,red,8.2,0.39,0.38,1.5,0.057999999999999996,10.0,29.0,0.9962,3.26,0.74,9.8,0
51,1449,white,7.2,0.32,0.3,8.25,0.02,14.0,104.0,0.9936200000000001,2.99,0.44,11.4,1
52,1874,white,7.2,0.2,0.61,16.2,0.043,14.0,103.0,0.9987,3.06,0.36,9.2,1
53,4461,red,7.1,0.48,0.28,2.8,0.068,6.0,16.0,0.99682,3.24,0.53,10.3,0
54,91,red,7.0,0.69,0.08,1.8,0.09699999999999999,22.0,89.0,0.9959,3.34,0.54,9.2,1
55,131,white,6.4,0.28,0.22,12.8,0.039,51.0,150.0,0.99535,3.23,0.43,10.7,1
56,2236,white,7.4,0.19,0.3,12.8,0.053,48.5,229.0,0.9986,3.14,0.49,9.1,1
57,372,white,6.9,0.28,0.41,1.7,0.05,10.0,136.0,0.993,3.16,0.71,11.4,1
58,2610,white,7.2,0.24,0.34,1.1,0.045,3.0,64.0,0.9913,3.23,0.51,11.4,0
59,2906,white,6.7,0.62,0.24,1.1,0.039,6.0,62.0,0.9934,3.41,0.32,10.4,0
60,3605,white,6.7,0.29,0.45,14.3,0.054000000000000006,30.0,181.0,0.99869,3.14,0.57,9.1,0
61,2101,white,7.2,0.34,0.2,5.8,0.062,52.0,203.0,0.99461,3.17,0.44,9.8,1
62,4228,red,11.5,0.41,0.52,3.0,0.08,29.0,55.0,1.0001,3.26,0.88,11.0,0
63,305,white,8.9,0.24,0.33,15.75,0.035,16.0,132.0,0.996,3.0,0.37,12.1,1
64,3603,white,6.6,0.24,0.27,10.3,0.047,54.0,219.0,0.9974200000000001,3.04,0.45,8.8,0
65,878,white,6.6,0.16,0.57,1.1,0.13,58.0,140.0,0.9927,3.12,0.39,9.3,1
66,1337,white,6.1,0.36,0.26,8.15,0.035,14.0,88.0,0.99031,3.06,0.27,13.0,1
67,2540,white,6.8,0.29,0.5,13.3,0.053,48.0,194.0,0.9974,3.09,0.45,9.4,0
68,2232,white,6.8,0.14,0.35,1.5,0.047,40.0,117.0,0.99111,3.07,0.72,11.1,1
69,1329,white,6.4,0.31,0.5,5.8,0.038,42.0,111.0,0.9918899999999999,3.18,0.53,11.9,1
70,3137,white,6.8,0.32,0.34,6.0,0.05,5.0,129.0,0.9953,3.19,0.4,9.1,0
71,2794,white,7.4,0.41,0.34,4.7,0.042,19.0,127.0,0.9953,3.25,0.42,10.4,0
72,3701,white,6.8,0.41,0.3,8.8,0.045,28.0,131.0,0.9953,3.12,0.59,9.9,0
73,2194,white,7.2,0.2,0.61,16.2,0.043,14.0,103.0,0.9987,3.06,0.36,9.2,1
74,4079,red,8.8,0.41,0.64,2.2,0.09300000000000001,9.0,42.0,0.9986,3.54,0.66,10.5,0
75,892,white,7.5,0.23,0.49,7.7,0.049,61.0,209.0,0.9941,3.14,0.3,11.1,1
76,2660,white,6.0,0.33,0.27,0.8,0.185,12.0,188.0,0.9924,3.12,0.62,9.4,0
77,2773,white,8.3,0.22,0.38,14.8,0.054000000000000006,32.0,126.0,1.0002,3.22,0.5,9.7,0
78,353,white,8.1,0.27,0.33,1.3,0.045,26.0,100.0,0.99066,2.98,0.44,12.4,1
79,3561,white,6.1,0.22,0.31,1.4,0.039,40.0,129.0,0.99193,3.45,0.59,10.9,0
80,4169,red,7.0,0.42,0.35,1.6,0.08800000000000001,16.0,39.0,0.9961,3.34,0.55,9.2,0
81,365,white,7.0,0.24,0.3,4.2,0.04,41.0,213.0,0.9927,3.28,0.49,11.8,1
82,2397,white,6.9,0.19,0.35,5.0,0.067,32.0,150.0,0.995,3.36,0.48,9.8,0
83,1761,white,6.9,0.29,0.3,8.2,0.026000000000000002,35.0,112.0,0.99144,3.0,0.37,12.3,1
84,2836,white,8.0,0.66,0.72,17.55,0.042,62.0,233.0,0.9999,2.92,0.68,9.4,0
85,786,white,6.2,0.28,0.27,10.3,0.03,26.0,108.0,0.9938799999999999,3.2,0.36,10.7,1
86,1659,white,6.0,0.29,0.21,1.3,0.055,42.0,168.0,0.9914,3.32,0.43,11.1,1
87,1624,white,6.5,0.08,0.33,1.9,0.027999999999999997,23.0,93.0,0.991,3.34,0.7,12.0,1
88,1721,white,7.4,0.16,0.3,13.7,0.055999999999999994,33.0,168.0,0.99825,2.9,0.44,8.7,1
89,2433,white,6.8,0.27,0.22,8.1,0.034,55.0,203.0,0.9961,3.19,0.52,8.9,0
90,3210,white,6.4,0.34,0.2,14.9,0.06,37.0,162.0,0.9983,3.13,0.45,9.0,0
91,3629,white,7.7,0.32,0.61,11.8,0.040999999999999995,66.0,188.0,0.9979399999999999,3.0,0.54,9.3,0
92,78,white,6.2,0.2,0.49,1.6,0.065,17.0,143.0,0.9937,3.22,0.52,9.2,1
93,502,white,7.8,0.24,0.18,6.7,0.046,33.0,160.0,0.9963,3.2,0.56,9.8,1
94,47,white,6.0,0.37,0.32,1.0,0.053,31.0,218.5,0.9924,3.29,0.72,9.8,1
95,2494,white,6.9,0.29,0.4,19.45,0.043,36.0,156.0,0.9996,2.93,0.47,8.9,0
96,439,red,7.3,0.67,0.02,2.2,0.07200000000000001,31.0,92.0,0.99566,3.32,0.68,11.1,1
97,4348,red,7.3,0.67,0.05,3.6,0.107,6.0,20.0,0.9972,3.4,0.63,10.1,0
98,4414,red,9.0,0.69,0.0,2.4,0.08800000000000001,19.0,38.0,0.9990000000000001,3.35,0.6,9.3,0
99,3741,white,6.5,0.36,0.36,6.7,0.185,51.5,151.0,0.9952799999999999,3.17,0.42,9.3,0
100,1054,white,6.5,0.18,0.33,1.4,0.028999999999999998,35.0,138.0,0.9911399999999999,3.36,0.6,11.5,1
101,2434,white,6.7,0.27,0.31,15.7,0.036000000000000004,44.0,179.0,0.9979,3.26,0.56,9.6,0
102,4710,red,9.9,0.5,0.5,13.8,0.205,48.0,82.0,1.00242,3.16,0.75,8.8,0
103,4222,red,10.7,0.46,0.39,2.0,0.061,7.0,15.0,0.9981,3.18,0.62,9.5,0
104,4661,red,6.8,0.83,0.09,1.8,0.07400000000000001,4.0,25.0,0.99534,3.38,0.45,9.6,0
105,2935,white,9.3,0.31,0.49,1.3,0.042,34.0,147.0,0.9948,3.11,0.46,9.8,0
106,2484,white,7.7,0.31,0.26,7.8,0.031,23.0,90.0,0.9944,3.13,0.5,10.4,0
107,558,white,7.3,0.25,0.36,13.1,0.05,35.0,200.0,0.9986,3.04,0.46,8.9,1
108,2015,white,8.0,0.25,0.27,9.7,0.036000000000000004,15.0,85.0,0.99406,2.99,0.36,11.2,1
109,2125,white,6.4,0.29,0.24,3.2,0.037000000000000005,31.0,95.0,0.9894200000000001,2.9,0.66,12.6,1
110,3989,white,6.4,0.28,0.45,8.6,0.057,47.0,223.0,0.99654,3.16,0.51,9.1,0
111,1993,white,5.0,0.24,0.21,2.2,0.039,31.0,100.0,0.99098,3.69,0.62,11.7,1
112,4655,red,8.7,0.78,0.51,1.7,0.415,12.0,66.0,0.99623,3.0,1.17,9.2,0
113,2124,white,7.5,0.28,0.39,10.2,0.045,59.0,209.0,0.9972,3.16,0.63,9.6,1
114,3200,white,7.7,0.27,0.61,12.0,0.046,64.0,179.0,0.9982,3.07,0.46,8.9,0
115,2353,white,6.4,0.105,0.29,1.1,0.035,44.0,140.0,0.9914200000000001,3.17,0.55,10.7,1
116,2485,white,6.9,0.4,0.56,11.2,0.043,40.0,142.0,0.9975,3.14,0.46,8.7,0
117,3538,white,8.5,0.2,0.4,1.1,0.046,31.0,106.0,0.9919399999999999,3.0,0.35,10.5,0
118,1785,white,6.6,0.38,0.15,4.6,0.044000000000000004,25.0,78.0,0.9931,3.11,0.38,10.2,1
119,1171,white,7.4,0.25,0.36,13.2,0.067,53.0,178.0,0.9976,3.01,0.48,9.0,1
120,1079,white,6.0,0.31,0.38,4.8,0.04,41.0,101.0,0.9896799999999999,3.24,0.56,13.1,1
121,843,white,8.0,0.2,0.4,5.2,0.055,41.0,167.0,0.9953,3.18,0.4,10.6,1
122,4066,red,8.8,0.4,0.4,2.2,0.079,19.0,52.0,0.998,3.44,0.64,9.2,0
123,3002,white,6.4,0.33,0.24,1.6,0.054000000000000006,25.0,117.0,0.9943,3.36,0.5,9.3,0
124,4483,red,7.2,0.635,0.07,2.6,0.077,16.0,86.0,0.9974799999999999,3.51,0.54,9.7,0
125,4595,red,7.4,0.55,0.19,1.8,0.08199999999999999,15.0,34.0,0.99655,3.49,0.68,10.5,0
126,2237,white,6.9,0.32,0.26,2.3,0.03,11.0,103.0,0.99106,3.06,0.42,11.1,1
127,805,white,7.5,0.26,0.31,1.6,0.032,36.0,109.0,0.99044,2.97,0.43,11.9,1
128,2570,white,6.5,0.3,0.29,2.25,0.037000000000000005,8.0,210.0,0.9937,3.19,0.62,9.9,0
129,1524,white,7.4,0.32,0.55,16.6,0.055999999999999994,53.0,238.0,1.0017,2.96,0.58,8.7,1
130,3059,white,7.2,0.16,0.35,1.2,0.031,27.0,84.0,0.9928,3.33,0.34,9.9,0
131,4626,red,7.5,0.61,0.26,1.9,0.073,24.0,88.0,0.9961200000000001,3.3,0.53,9.8,0
132,2810,white,6.0,0.24,0.32,6.3,0.03,34.0,129.0,0.9946,3.52,0.41,10.4,0
133,1662,white,7.4,0.28,0.3,5.3,0.054000000000000006,44.0,161.0,0.9941,3.12,0.48,10.3,1
134,1090,white,5.1,0.31,0.3,0.9,0.037000000000000005,28.0,152.0,0.992,3.54,0.56,10.1,1
135,2747,white,6.8,0.37,0.47,11.2,0.071,44.0,136.0,0.9968,2.98,0.88,9.2,0
136,1332,white,6.0,0.24,0.27,1.9,0.048,40.0,170.0,0.9938,3.64,0.54,10.0,1
137,2129,red,7.5,0.71,0.0,1.6,0.092,22.0,31.0,0.99635,3.38,0.58,10.0,1
138,2239,white,7.6,0.22,0.34,9.7,0.035,26.0,143.0,0.9965,3.08,0.49,9.8,1
139,1608,white,5.7,0.21,0.32,0.9,0.038,38.0,121.0,0.99074,3.24,0.46,10.6,1
140,4382,red,9.0,0.47,0.31,2.7,0.084,24.0,125.0,0.9984,3.31,0.61,9.4,0
141,2254,red,10.4,0.24,0.46,1.8,0.075,6.0,21.0,0.9976,3.25,1.02,10.8,1
142,150,white,8.0,0.22,0.32,10.4,0.043,63.0,201.0,0.997,3.11,0.53,9.5,1
143,3550,white,5.8,0.33,0.23,5.0,0.053,29.0,106.0,0.9945799999999999,3.13,0.52,9.0,0
144,394,white,5.9,0.27,0.27,9.0,0.051,43.0,136.0,0.9941,3.25,0.53,10.7,1
145,1085,white,6.7,0.19,0.32,3.7,0.040999999999999995,26.0,76.0,0.9917299999999999,2.9,0.57,10.5,1
146,3001,white,9.4,0.16,0.3,1.4,0.042,26.0,176.0,0.9954,3.15,0.46,9.1,0
147,419,red,8.2,0.35,0.33,2.4,0.076,11.0,47.0,0.9959899999999999,3.27,0.81,11.0,1
148,2164,white,6.8,0.18,0.3,12.8,0.062,19.0,171.0,0.99808,3.0,0.52,9.0,1
149,1201,white,7.6,0.37,0.34,3.2,0.027999999999999997,42.0,162.0,0.9903,3.01,0.33,12.4,1
150,541,white,6.6,0.21,0.39,2.3,0.040999999999999995,31.0,102.0,0.99221,3.22,0.58,10.9,1
151,1534,white,6.5,0.36,0.28,3.2,0.037000000000000005,29.0,119.0,0.9908,3.25,0.65,12.4,1
152,4192,red,7.7,0.41,0.76,1.8,0.611,8.0,45.0,0.9968,3.06,1.26,9.4,0
153,180,white,7.6,0.27,0.3,9.2,0.018000000000000002,23.0,96.0,0.9938,3.08,0.29,11.0,1
154,980,white,6.7,0.24,0.32,9.0,0.023,20.0,109.0,0.9926200000000001,3.34,0.35,12.6,1
155,4721,red,6.0,0.64,0.05,1.9,0.066,9.0,17.0,0.9949600000000001,3.52,0.78,10.6,0
156,1224,white,8.1,0.31,0.36,8.2,0.027999999999999997,29.0,142.0,0.9925,3.01,0.34,13.0,1
157,2965,white,6.7,0.25,0.26,1.55,0.040999999999999995,118.5,216.0,0.9949,3.55,0.63,9.4,0
158,1908,white,6.4,0.33,0.3,7.2,0.040999999999999995,42.0,168.0,0.99331,3.22,0.49,11.1,1
159,2334,white,6.7,0.24,0.41,8.7,0.036000000000000004,29.0,148.0,0.9952,3.22,0.62,9.9,1
160,861,white,7.1,0.22,0.32,16.9,0.055999999999999994,49.0,158.0,0.9998,3.37,0.38,9.6,1
161,2967,white,6.7,0.265,0.22,8.6,0.048,54.0,198.0,0.9955,3.25,0.41,10.2,0
162,2756,white,7.3,0.49,0.32,5.2,0.043,18.0,104.0,0.9952,3.24,0.45,10.7,0
163,167,white,7.2,0.22,0.49,1.0,0.045,34.0,140.0,0.99,3.05,0.34,12.7,1
164,2317,red,8.5,0.32,0.42,2.3,0.075,12.0,19.0,0.99434,3.14,0.71,11.8,1
165,198,white,6.5,0.29,0.52,1.7,0.034,41.0,193.0,0.99223,3.25,0.59,10.4,1
166,654,white,7.5,0.38,0.33,5.0,0.045,30.0,131.0,0.9942,3.32,0.44,10.9,1
167,2212,white,6.0,0.19,0.71,1.5,0.152,9.0,55.0,0.9927,3.12,0.46,9.8,1
168,3698,white,7.9,0.21,0.39,2.0,0.057,21.0,138.0,0.9917600000000001,3.05,0.52,10.9,0
169,1014,white,6.4,0.23,0.33,1.15,0.044000000000000004,15.5,217.5,0.992,3.33,0.44,11.0,1
170,513,white,6.0,0.21,0.34,2.0,0.042,63.0,123.0,0.9905200000000001,3.44,0.42,11.4,1
171,2530,white,5.9,0.26,0.27,18.2,0.048,52.0,168.0,0.9993,3.35,0.44,9.4,0
172,931,white,7.4,0.34,0.42,1.1,0.033,17.0,171.0,0.9917,3.12,0.53,11.3,1
173,1453,white,6.1,0.22,0.4,1.85,0.031,25.0,111.0,0.98966,3.03,0.3,11.8,1
174,1574,white,6.6,0.26,0.29,1.4,0.039,13.0,67.0,0.9915,3.05,0.49,10.9,1
175,2055,white,6.3,0.34,0.31,6.0,0.02,18.0,68.0,0.9898100000000001,3.22,0.29,13.4,1
176,3071,white,6.4,0.29,0.28,11.1,0.063,66.0,169.0,0.9973,2.89,0.57,9.0,0
177,3392,white,6.8,0.19,0.23,5.1,0.034,71.0,204.0,0.9942,3.23,0.69,10.1,0
178,2958,white,7.8,0.445,0.56,1.0,0.04,8.0,84.0,0.9938,3.25,0.43,10.8,0
179,1738,white,6.2,0.27,0.32,6.3,0.048,47.0,159.0,0.99282,3.21,0.6,11.0,1
180,3788,white,7.4,0.37,0.26,9.6,0.05,33.0,134.0,0.99608,3.13,0.46,10.4,0
181,696,white,6.5,0.22,0.45,8.0,0.053,52.0,196.0,0.9959,3.23,0.48,9.1,1
182,2091,white,6.8,0.25,0.28,5.0,0.035,42.0,126.0,0.9904799999999999,3.12,0.38,12.6,1
183,4539,red,7.1,0.43,0.17,1.8,0.08199999999999999,27.0,51.0,0.99634,3.49,0.64,10.4,0
184,4392,red,8.0,0.43,0.36,2.3,0.075,10.0,48.0,0.9976,3.34,0.46,9.4,0
185,321,white,6.2,0.35,0.2,18.1,0.069,33.0,158.0,0.99908,3.15,0.5,8.8,1
186,1286,white,7.1,0.21,0.31,3.8,0.021,40.0,142.0,0.99215,3.17,0.39,10.8,1
187,2225,white,5.0,0.27,0.32,4.5,0.032,58.0,178.0,0.98956,3.45,0.31,12.6,1
188,4301,red,15.6,0.645,0.49,4.2,0.095,10.0,23.0,1.00315,2.92,0.74,11.1,0
189,1527,white,7.5,0.14,0.34,1.3,0.055,50.0,153.0,0.9945,3.29,0.8,9.6,1
190,1876,red,7.9,0.29,0.49,2.2,0.096,21.0,59.0,0.9971399999999999,3.31,0.67,10.1,1
191,4611,red,8.0,0.6,0.08,2.6,0.055999999999999994,3.0,7.0,0.9928600000000001,3.22,0.37,13.0,0
192,912,white,6.4,0.26,0.25,10.7,0.046,66.0,179.0,0.9960600000000001,3.17,0.55,9.9,1
193,4554,red,5.6,0.66,0.0,2.5,0.066,7.0,15.0,0.99256,3.52,0.58,12.9,0
194,3688,white,7.0,0.39,0.21,10.7,0.098,13.0,91.0,0.9965700000000001,3.03,0.47,9.3,0
195,4528,red,10.0,0.35,0.45,2.5,0.092,20.0,88.0,0.99918,3.15,0.43,9.4,0
196,639,red,8.0,0.5,0.39,2.6,0.08199999999999999,12.0,46.0,0.9985,3.43,0.62,10.7,1
197,1549,white,7.2,0.14,0.32,1.1,0.022000000000000002,48.0,116.0,0.99218,3.04,0.67,10.0,1
198,3417,white,6.6,0.34,0.18,6.4,0.08199999999999999,47.0,240.0,0.9971,3.42,0.48,9.2,0
199,4628,red,9.7,0.66,0.34,2.6,0.094,12.0,88.0,0.9979600000000001,3.26,0.66,10.1,0
200,2892,white,7.2,0.4,0.49,1.1,0.048,11.0,138.0,0.9929,3.01,0.42,9.3,0
201,1525,white,8.2,0.3,0.44,12.4,0.043,52.0,154.0,0.9945200000000001,3.04,0.33,12.0,1
202,3203,white,7.1,0.28,0.19,7.8,0.04,48.0,184.0,0.99579,3.16,0.5,9.4,0
203,4645,red,7.2,0.58,0.03,2.3,0.077,7.0,28.0,0.9956799999999999,3.35,0.52,10.0,0
204,156,white,7.1,0.34,0.31,5.2,0.032,36.0,140.0,0.99166,3.35,0.47,12.3,1
205,3885,white,7.3,0.22,0.37,15.5,0.048,70.0,203.0,0.9989899999999999,3.25,0.77,9.4,0
206,1240,white,8.0,0.25,0.26,14.0,0.043,41.0,248.0,0.9986,3.03,0.57,8.7,1
207,3287,white,7.3,0.815,0.09,11.4,0.044000000000000004,45.0,204.0,0.99713,3.15,0.46,9.0,0
208,864,white,6.8,0.18,0.38,1.4,0.038,35.0,111.0,0.9918,3.32,0.59,11.2,1
209,2223,white,6.6,0.16,0.21,6.7,0.055,43.0,157.0,0.99384,3.15,0.52,10.8,1
210,3434,white,7.5,0.17,0.71,11.8,0.038,52.0,148.0,0.9980100000000001,3.03,0.46,8.9,0
211,2479,white,7.5,0.27,0.36,7.0,0.036000000000000004,45.0,164.0,0.9939,3.03,0.33,11.0,0
212,2345,white,6.2,0.2,0.26,1.1,0.047,42.0,119.0,0.9915799999999999,3.48,0.6,11.0,1
213,2175,white,5.9,0.18,0.28,1.0,0.037000000000000005,24.0,88.0,0.9909399999999999,3.29,0.55,10.65,1
214,2591,white,6.7,0.34,0.54,16.3,0.047,44.0,181.0,0.9987,3.04,0.56,8.8,0
215,3394,white,8.3,0.4,0.41,8.2,0.05,15.0,122.0,0.9979,3.39,0.49,9.3,0
216,226,white,6.2,0.2,0.32,2.8,0.05,17.0,126.0,0.9936,3.18,0.55,9.4,1
217,2963,white,7.6,0.32,0.34,18.35,0.054000000000000006,44.0,197.0,1.0008,3.22,0.55,9.0,0
218,1649,white,5.1,0.35,0.26,6.8,0.034,36.0,120.0,0.9918799999999999,3.38,0.4,11.5,1
219,1312,white,7.3,0.51,0.29,11.3,0.034,61.0,224.0,0.9968299999999999,3.14,0.56,9.5,1
220,1401,white,5.7,0.25,0.32,12.2,0.040999999999999995,43.0,127.0,0.99524,3.23,0.53,10.4,1
221,1138,white,7.3,0.21,0.33,1.0,0.037000000000000005,66.0,144.0,0.9923,3.11,0.52,10.2,1
222,3971,white,4.9,0.335,0.14,1.3,0.036000000000000004,69.0,168.0,0.9921200000000001,3.47,0.46,10.46666667,0
223,2867,white,6.9,0.32,0.16,1.4,0.051,15.0,96.0,0.9940000000000001,3.22,0.38,9.5,0
224,212,white,5.2,0.155,0.33,1.6,0.027999999999999997,13.0,59.0,0.98975,3.3,0.84,11.9,1
225,157,white,6.8,0.22,0.35,17.5,0.039,38.0,153.0,0.9994,3.24,0.42,9.0,1
226,88,white,6.5,0.33,0.24,14.5,0.048,20.0,96.0,0.99456,3.06,0.3,11.5,1
227,3590,white,7.1,0.18,0.39,14.5,0.051,48.0,156.0,0.9994700000000001,3.35,0.78,9.1,0
228,4345,red,9.9,0.54,0.45,2.3,0.071,16.0,40.0,0.9991,3.39,0.62,9.4,0
229,549,white,6.4,0.17,0.27,9.9,0.047,26.0,101.0,0.9959600000000001,3.34,0.5,9.9,1
230,4005,white,5.9,0.32,0.26,1.5,0.057,17.0,141.0,0.9917,3.24,0.36,10.7,0
231,4630,red,6.5,0.52,0.11,1.8,0.073,13.0,38.0,0.9955,3.34,0.52,9.3,0
232,1426,white,6.1,0.36,0.33,1.1,0.05,24.0,169.0,0.9927,3.15,0.78,9.5,1
233,2869,white,7.6,0.27,0.24,3.8,0.057999999999999996,19.0,115.0,0.9958,3.15,0.45,8.9,0
234,259,red,8.2,0.4,0.31,1.9,0.08199999999999999,8.0,24.0,0.996,3.24,0.69,10.6,1
235,669,white,8.0,0.27,0.33,1.2,0.05,41.0,103.0,0.9900200000000001,3.0,0.45,12.4,1
236,2635,white,6.8,0.34,0.69,1.3,0.057999999999999996,12.0,171.0,0.9931,3.06,0.47,9.7,0
237,4607,red,7.5,0.58,0.2,2.0,0.073,34.0,44.0,0.9949399999999999,3.1,0.43,9.3,0
238,1295,white,7.1,0.23,0.23,3.5,0.038,23.0,112.0,0.9915700000000001,3.05,0.37,11.36666667,1
239,3825,white,7.0,0.44,0.24,12.1,0.055999999999999994,68.0,210.0,0.99718,3.05,0.5,9.5,0
240,3663,white,6.2,0.24,0.25,12.5,0.055,47.0,134.0,0.9975799999999999,3.3,0.51,9.0,0
241,3234,white,6.8,0.21,0.55,14.6,0.053,34.0,159.0,0.99805,2.93,0.44,9.2,0
242,2309,red,10.5,0.28,0.51,1.7,0.08,10.0,24.0,0.9982,3.2,0.89,9.4,1
243,3954,white,6.0,0.615,0.04,0.8,0.032,8.0,50.0,0.99036,3.14,0.4,11.0,0
244,801,white,6.0,0.18,0.31,1.4,0.036000000000000004,14.0,75.0,0.99085,3.34,0.58,11.1,1
245,4521,red,9.5,0.86,0.26,1.9,0.079,13.0,28.0,0.9971200000000001,3.25,0.62,10.0,0
246,1187,white,5.9,0.29,0.32,1.4,0.022000000000000002,17.0,47.0,0.9899,3.35,0.35,11.5,1
247,392,white,7.0,0.46,0.39,6.2,0.039,46.0,163.0,0.9928,3.21,0.35,12.2,1
248,1109,white,7.3,0.18,0.29,1.2,0.044000000000000004,12.0,143.0,0.9918,3.2,0.48,11.3,1
249,1802,white,5.9,0.23,0.24,3.8,0.038,61.0,152.0,0.99139,3.31,0.5,11.3,1
250,1841,white,6.2,0.19,0.29,4.3,0.045,33.0,126.0,0.9965799999999999,3.18,0.42,9.3,1
251,3576,white,6.4,0.24,0.29,1.0,0.038,18.0,122.0,0.9906,3.3,0.42,11.5,0
252,3801,white,7.4,0.31,0.26,8.6,0.048,47.0,206.0,0.9964,3.26,0.36,9.1,0
253,2863,white,9.2,0.35,0.39,0.9,0.042,15.0,61.0,0.9924,2.96,0.28,10.4,0
254,1448,white,7.8,0.21,0.39,1.8,0.034,62.0,180.0,0.991,3.09,0.75,12.6,1
255,4230,red,11.9,0.58,0.66,2.5,0.07200000000000001,6.0,37.0,0.9992,3.05,0.56,10.0,0
256,1370,white,6.8,0.24,0.33,3.2,0.049,68.0,161.0,0.99324,3.1,0.69,10.2,1
257,3313,white,7.5,0.28,0.78,12.1,0.040999999999999995,53.0,161.0,0.9983799999999999,2.98,0.44,8.7,0
258,1386,white,7.5,0.42,0.2,1.4,0.06,15.0,168.0,0.9944,3.06,0.4,9.4,1
259,1239,red,9.1,0.28,0.48,1.8,0.067,26.0,46.0,0.9967,3.32,1.04,10.6,1
260,2110,red,6.8,0.67,0.15,1.8,0.11800000000000001,13.0,20.0,0.9954,3.42,0.67,11.3,1
261,1838,white,6.2,0.25,0.25,1.4,0.03,35.0,105.0,0.9912,3.3,0.44,11.1,1
262,3181,white,6.9,0.32,0.13,7.8,0.042,11.0,117.0,0.996,3.23,0.37,9.2,0
263,1404,white,6.7,0.41,0.27,2.6,0.033,25.0,85.0,0.9908600000000001,3.05,0.34,11.7,1
264,1275,white,7.0,0.26,0.46,15.55,0.037000000000000005,61.0,171.0,0.9986,2.94,0.35,8.8,1
265,2483,white,7.3,0.32,0.23,13.7,0.05,49.0,197.0,0.9985,3.2,0.46,8.7,0
266,4658,red,6.8,0.815,0.0,1.2,0.267,16.0,29.0,0.99471,3.32,0.51,9.8,0
267,2539,white,6.8,0.26,0.22,7.7,0.047,57.0,210.0,0.9959,3.1,0.47,9.0,0
268,792,white,6.9,0.36,0.28,13.55,0.048,51.0,189.0,0.99782,3.0,0.6,9.5,1
269,3914,white,5.9,0.22,0.18,6.4,0.040999999999999995,28.0,120.0,0.99403,3.27,0.5,9.9,0
270,3568,white,6.6,0.28,0.41,7.0,0.046,59.0,194.0,0.9955799999999999,3.14,0.48,9.4,0
271,1788,white,5.4,0.22,0.35,6.5,0.028999999999999998,26.0,87.0,0.99092,3.29,0.44,12.5,1
272,304,white,6.6,0.21,0.49,18.15,0.042,41.0,158.0,0.9997,3.28,0.39,8.7,1
273,3204,white,6.4,0.34,0.2,14.9,0.06,37.0,162.0,0.9983,3.13,0.45,9.0,0
274,3191,white,7.1,0.26,0.19,8.2,0.051,53.0,187.0,0.996,3.16,0.52,9.7,0
275,4125,red,6.3,0.39,0.08,1.7,0.066,3.0,20.0,0.9954,3.34,0.58,9.4,0
276,2151,white,6.7,0.24,0.3,3.85,0.042,105.0,179.0,0.9918899999999999,3.04,0.59,11.3,1
277,3150,white,6.5,0.22,0.25,17.1,0.05,44.0,138.0,1.0001,3.3,0.37,8.8,0
278,4734,red,7.4,0.47,0.46,2.2,0.114,7.0,20.0,0.9964700000000001,3.32,0.63,10.5,0
279,2622,white,6.3,0.26,0.25,7.8,0.057999999999999996,44.0,166.0,0.9961,3.24,0.41,9.0,0
280,1141,white,6.6,0.16,0.35,1.8,0.042,26.0,105.0,0.98962,3.19,0.75,12.4,1
281,4160,red,8.2,0.5,0.35,2.9,0.077,21.0,127.0,0.9976,3.23,0.62,9.4,0
282,3057,white,7.2,0.47,0.65,8.3,0.083,27.0,182.0,0.9964,3.0,0.35,9.2,0
283,4576,red,6.4,0.885,0.0,2.3,0.166,6.0,12.0,0.99551,3.56,0.51,10.8,0
284,4572,red,6.6,0.8,0.03,7.8,0.079,6.0,12.0,0.9963,3.52,0.5,12.2,0
285,4132,red,7.1,0.43,0.42,5.5,0.07,29.0,129.0,0.9973,3.42,0.72,10.5,0
286,1750,white,7.4,0.16,0.49,1.2,0.055,18.0,150.0,0.9917,3.23,0.47,11.2,1
287,2039,white,7.0,0.4,0.25,1.8,0.05,51.0,189.0,0.99174,3.0,0.55,11.4,1
288,2481,white,7.1,0.24,0.41,17.8,0.046,39.0,145.0,0.9998,3.32,0.39,8.7,0
289,3391,white,6.9,0.4,0.22,5.95,0.081,76.0,303.0,0.99705,3.4,0.57,9.4,0
290,2228,white,5.0,0.29,0.54,5.7,0.035,54.0,155.0,0.9897600000000001,3.27,0.34,12.9,1
291,255,red,7.0,0.36,0.21,2.4,0.086,24.0,69.0,0.99556,3.4,0.53,10.1,1
292,3645,white,6.6,0.26,0.22,18.15,0.05,23.0,139.0,0.9990399999999999,3.06,0.5,9.2,0
293,2993,white,6.9,0.29,0.23,8.6,0.055999999999999994,56.0,215.0,0.9967,3.17,0.44,8.8,0
294,3907,white,7.2,0.47,0.16,5.9,0.048,14.0,125.0,0.9942799999999999,3.09,0.49,9.8,0
295,1754,white,8.2,0.18,0.31,11.8,0.039,96.0,249.0,0.9976,3.07,0.52,9.5,1
296,2023,white,7.0,0.22,0.26,2.8,0.036000000000000004,44.0,132.0,0.9907799999999999,3.34,0.41,12.0,1
297,29,white,7.8,0.28,0.34,1.6,0.027999999999999997,32.0,118.0,0.9901,3.0,0.38,12.1,1
298,2115,red,9.3,0.37,0.44,1.6,0.038,21.0,42.0,0.99526,3.24,0.81,10.8,1
299,3081,white,6.8,0.28,0.37,7.0,0.057,35.0,208.0,0.9973,3.57,0.55,10.2,0
300,683,white,5.9,0.29,0.25,12.0,0.057,48.0,224.0,0.9981,3.23,0.41,9.0,1
301,1255,white,7.2,0.115,0.3,6.8,0.055999999999999994,26.0,105.0,0.9954,3.44,0.4,9.6,1
302,2847,white,6.9,0.39,0.22,4.3,0.03,10.0,102.0,0.993,3.0,0.87,11.6,0
303,364,red,6.8,0.785,0.0,2.4,0.10400000000000001,14.0,30.0,0.9966,3.52,0.55,10.7,1
304,1057,white,8.1,0.28,0.4,6.9,0.05,30.0,97.0,0.9951,3.26,0.44,10.1,1
305,3224,white,7.4,0.33,0.26,15.6,0.049,67.0,210.0,0.9990700000000001,3.06,0.68,9.5,0
306,1644,white,7.3,0.28,0.36,12.7,0.04,38.0,140.0,0.998,3.3,0.79,9.6,1
307,2996,white,6.6,0.37,0.07,1.4,0.048,58.0,144.0,0.9922,3.17,0.38,10.0,0
308,4204,red,9.9,0.59,0.07,3.4,0.102,32.0,71.0,1.00015,3.31,0.71,9.8,0
309,4682,red,7.8,0.53,0.01,1.6,0.077,3.0,19.0,0.995,3.16,0.46,9.8,0
310,4335,red,8.8,0.6,0.29,2.2,0.098,5.0,15.0,0.9988,3.36,0.49,9.1,0
311,3898,white,6.3,0.305,0.22,16.0,0.061,26.0,141.0,0.99824,3.08,0.5,9.1,0
312,197,white,7.1,0.36,0.24,1.8,0.025,32.0,102.0,0.9903,3.34,0.59,12.8,1
313,64,white,6.4,0.37,0.19,3.5,0.068,18.0,101.0,0.9934,3.03,0.38,9.0,1
314,3948,white,5.8,0.28,0.66,9.1,0.039,26.0,159.0,0.9965,3.66,0.55,10.8,0
315,4098,red,7.2,0.49,0.24,2.2,0.07,5.0,36.0,0.996,3.33,0.48,9.4,0
316,3737,white,6.6,0.32,0.47,15.6,0.063,27.0,173.0,0.99872,3.18,0.56,9.0,0
317,3729,white,7.0,0.34,0.1,3.5,0.044000000000000004,17.0,63.0,0.9937,3.01,0.39,9.2,0
318,2576,white,5.6,0.35,0.37,1.0,0.038,6.0,72.0,0.9902,3.37,0.34,11.4,0
319,775,white,6.1,0.44,0.28,4.25,0.032,43.0,132.0,0.9916,3.26,0.47,11.3,1
320,34,white,7.3,0.34,0.3,9.4,0.057,34.0,178.0,0.99554,3.15,0.44,10.4,1
321,4010,white,6.4,0.33,0.44,8.9,0.055,52.0,164.0,0.9948799999999999,3.1,0.48,9.6,0
322,583,white,7.8,0.22,0.38,10.3,0.059000000000000004,28.0,99.0,0.9967,3.12,0.47,10.0,1
323,1976,red,6.5,0.63,0.33,1.8,0.059000000000000004,16.0,28.0,0.99531,3.36,0.64,10.1,1
324,4047,red,8.3,0.655,0.12,2.3,0.083,15.0,113.0,0.9966,3.17,0.66,9.8,0
325,86,white,6.0,0.25,0.28,7.7,0.053,37.0,132.0,0.9948899999999999,3.06,0.5,9.4,1
326,4083,red,7.8,0.43,0.7,1.9,0.46399999999999997,22.0,67.0,0.9974,3.13,1.28,9.4,0
327,2950,white,6.9,0.26,0.49,1.6,0.057999999999999996,39.0,166.0,0.9965,3.65,0.52,9.4,0
328,166,white,6.7,0.27,0.69,1.2,0.17600000000000002,36.0,106.0,0.9928799999999999,2.96,0.43,9.2,1
329,1919,white,5.7,0.22,0.28,1.3,0.027000000000000003,26.0,101.0,0.9894799999999999,3.35,0.38,12.5,1
330,1588,white,6.4,0.29,0.3,2.9,0.036000000000000004,25.0,79.0,0.9903700000000001,3.29,0.6,12.4,1
331,3562,white,6.5,0.48,0.02,0.9,0.043,32.0,99.0,0.99226,3.14,0.47,9.8,0
332,4056,red,7.7,0.935,0.43,2.2,0.114,22.0,114.0,0.997,3.25,0.73,9.2,0
333,678,white,8.0,0.4,0.33,7.7,0.034,27.0,98.0,0.9935,3.18,0.41,12.2,1
334,1073,white,6.9,0.26,0.38,10.5,0.044000000000000004,33.0,139.0,0.9951700000000001,3.06,0.5,10.3,1
335,3631,white,7.7,0.32,0.61,11.8,0.040999999999999995,66.0,188.0,0.9979399999999999,3.0,0.54,9.3,0
336,108,white,5.8,0.13,0.22,12.7,0.057999999999999996,24.0,183.0,0.9956,3.32,0.42,11.7,1
337,1941,white,6.5,0.23,0.45,2.1,0.027000000000000003,43.0,104.0,0.99054,3.02,0.52,11.3,1
338,203,white,5.8,0.3,0.33,3.5,0.033,25.0,116.0,0.9905700000000001,3.2,0.44,11.7,1
339,3994,white,6.4,0.31,0.31,12.9,0.045,55.0,161.0,0.99546,3.02,0.59,10.2,0
340,4681,red,10.0,0.32,0.59,2.2,0.077,3.0,15.0,0.9994,3.2,0.78,9.6,0
341,1000,red,5.9,0.29,0.25,13.4,0.067,72.0,160.0,0.99721,3.33,0.54,10.3,1
342,4227,red,13.5,0.53,0.79,4.8,0.12,23.0,77.0,1.0018,3.18,0.77,13.0,0
343,2881,white,6.1,0.22,0.49,1.5,0.051,18.0,87.0,0.9928,3.3,0.46,9.6,0
344,3027,white,5.8,0.33,0.2,16.05,0.047,26.0,166.0,0.9976,3.09,0.46,8.9,0
345,3443,white,7.1,0.26,0.32,16.2,0.044000000000000004,31.0,170.0,0.99644,3.17,0.37,11.2,0
346,485,white,6.3,0.29,0.29,3.3,0.037000000000000005,32.0,140.0,0.9895,3.17,0.36,12.8,1
347,1193,red,8.9,0.12,0.45,1.8,0.075,10.0,21.0,0.9955200000000001,3.41,0.76,11.9,1
348,143,white,6.3,0.26,0.24,7.2,0.039,38.0,172.0,0.9958,3.49,0.64,9.7,1
349,3992,white,5.8,0.3,0.09,6.3,0.042,36.0,138.0,0.99382,3.15,0.48,9.7,0
350,1790,white,7.6,0.17,0.46,0.9,0.036000000000000004,63.0,147.0,0.99126,3.02,0.41,10.7,1
351,257,white,7.8,0.4,0.49,7.8,0.06,34.0,162.0,0.9966,3.26,0.58,11.3,1
352,2058,white,6.4,0.38,0.2,5.3,0.11699999999999999,57.0,181.0,0.99459,3.24,0.43,9.5,1
353,3201,white,6.5,0.39,0.35,1.6,0.049,10.0,164.0,0.99516,3.35,0.51,9.7,0
354,1053,white,7.4,0.24,0.42,14.0,0.066,48.0,198.0,0.9979,2.89,0.42,8.9,1
355,1245,white,6.0,0.22,0.23,5.0,0.045,10.0,122.0,0.99261,2.94,0.63,10.0,1
356,221,white,5.6,0.205,0.16,12.55,0.051,31.0,115.0,0.99564,3.4,0.38,10.8,1
357,3207,white,6.1,0.23,0.45,10.6,0.094,49.0,169.0,0.9969899999999999,3.05,0.54,8.8,0
358,339,white,6.1,0.24,0.27,11.5,0.05,51.0,133.0,0.9947600000000001,3.22,0.37,10.8,1
359,2079,white,6.8,0.22,0.24,4.9,0.092,30.0,123.0,0.9951,3.03,0.46,8.6,1
360,4647,red,6.1,0.34,0.25,1.8,0.084,4.0,28.0,0.99464,3.36,0.44,10.1,0
361,987,white,6.2,0.22,0.2,20.8,0.035,58.0,184.0,1.00022,3.11,0.53,9.0,1
362,4532,red,7.0,0.5,0.14,1.8,0.078,10.0,23.0,0.99636,3.53,0.61,10.4,0
363,1681,white,6.1,0.22,0.46,1.8,0.16,34.0,74.0,0.9884,3.19,0.33,13.4,1
364,4717,red,8.1,0.33,0.44,1.5,0.042,6.0,12.0,0.9954200000000001,3.35,0.61,10.7,0
365,4629,red,9.1,0.34,0.42,1.8,0.057999999999999996,9.0,18.0,0.99392,3.18,0.55,11.4,0
366,3847,white,5.7,0.26,0.24,17.8,0.059000000000000004,23.0,124.0,0.9977299999999999,3.3,0.5,10.1,0
367,746,white,7.5,0.34,0.35,6.0,0.034,12.0,126.0,0.9924,3.16,0.39,12.0,1
368,1016,white,7.2,0.32,0.24,5.6,0.033,23.0,120.0,0.99334,2.92,0.66,10.3,1
369,1701,white,6.8,0.25,0.3,11.8,0.043,53.0,133.0,0.99524,3.03,0.58,10.4,1
370,2887,white,6.3,0.23,0.49,7.1,0.05,67.0,210.0,0.9951,3.23,0.34,9.5,0
371,1523,white,6.6,0.22,0.35,1.4,0.05,23.0,83.0,0.99019,3.17,0.48,12.0,1
372,2771,white,6.7,0.26,0.26,4.1,0.073,36.0,202.0,0.9956,3.3,0.67,9.5,0
373,4001,white,5.8,0.36,0.5,1.0,0.127,63.0,178.0,0.9921200000000001,3.1,0.45,9.7,0
374,3872,white,7.1,0.31,0.25,11.2,0.048,32.0,136.0,0.9966299999999999,3.14,0.4,9.5,0
375,4418,red,11.1,0.39,0.54,2.7,0.095,21.0,101.0,1.0001,3.13,0.51,9.5,0
376,171,white,5.4,0.22,0.29,1.2,0.045,69.0,152.0,0.9917799999999999,3.76,0.63,11.0,1
377,2032,red,7.5,0.31,0.41,2.4,0.065,34.0,60.0,0.99492,3.34,0.85,11.4,1
378,508,white,6.2,0.2,0.33,5.4,0.027999999999999997,21.0,75.0,0.9901200000000001,3.36,0.41,13.5,1
379,3424,white,6.4,0.24,0.25,20.2,0.083,35.0,157.0,0.99976,3.17,0.5,9.1,0
380,1041,white,6.9,0.2,0.28,1.2,0.048,36.0,159.0,0.9936,3.19,0.43,9.1,1
381,3649,white,6.3,0.2,0.18,10.6,0.045,57.0,159.0,0.99666,3.09,0.54,9.2,0
382,1797,white,7.6,0.18,0.28,7.1,0.040999999999999995,29.0,110.0,0.9965200000000001,3.2,0.42,9.2,1
383,1697,white,7.1,0.26,0.34,14.4,0.067,35.0,189.0,0.9986,3.07,0.53,9.1,1
384,3368,white,7.8,0.28,0.31,2.1,0.046,28.0,208.0,0.99434,3.23,0.64,9.8,0
385,295,white,6.2,0.12,0.26,5.7,0.044000000000000004,56.0,158.0,0.9951,3.52,0.37,10.5,1
386,2528,white,6.8,0.27,0.12,1.3,0.04,87.0,168.0,0.992,3.18,0.41,10.0,0
387,847,white,6.0,0.19,0.37,9.7,0.032,17.0,50.0,0.9932,3.08,0.66,12.0,1
388,21,white,7.6,0.17,0.35,1.6,0.047,43.0,154.0,0.9934,3.36,0.69,11.1,1
389,284,white,8.2,0.42,0.29,4.1,0.03,31.0,100.0,0.9911,3.0,0.32,12.8,1
390,2042,white,7.8,0.26,0.74,7.5,0.044000000000000004,59.0,160.0,0.996,3.22,0.64,10.0,1
391,1150,white,6.8,0.25,0.31,13.3,0.05,69.0,202.0,0.9972,3.22,0.48,9.7,1
392,2271,white,7.2,0.27,0.42,1.6,0.05,35.0,135.0,0.992,2.94,0.46,11.0,1
393,4470,red,6.6,0.66,0.0,3.0,0.115,21.0,31.0,0.99629,3.45,0.63,10.3,0
394,84,white,5.7,0.22,0.2,16.0,0.044000000000000004,41.0,113.0,0.9986200000000001,3.22,0.46,8.9,1
395,574,white,7.9,0.33,0.28,31.6,0.053,35.0,176.0,1.0103,3.15,0.38,8.8,1
396,3633,white,6.4,0.37,0.2,5.6,0.11699999999999999,61.0,183.0,0.99459,3.24,0.43,9.5,0
397,2273,white,6.8,0.29,0.22,3.4,0.035,40.0,122.0,0.99024,3.09,0.47,12.3,1
398,1176,white,6.8,0.32,0.23,3.3,0.026000000000000002,31.0,99.0,0.9896,3.1,0.4,12.4,1
399,4236,red,7.7,0.51,0.28,2.1,0.087,23.0,54.0,0.998,3.42,0.74,9.2,0
400,674,white,6.8,0.24,0.34,2.7,0.047,64.5,218.5,0.9934,3.3,0.58,9.7,1
401,4394,red,8.0,0.43,0.36,2.3,0.075,10.0,48.0,0.9976,3.34,0.46,9.4,0
402,932,white,7.2,0.17,0.34,6.4,0.042,16.0,111.0,0.9927799999999999,2.99,0.4,10.8,1
403,3607,white,7.5,0.2,0.41,1.2,0.05,26.0,131.0,0.9913299999999999,3.19,0.52,11.1,0
404,2198,red,6.0,0.51,0.0,2.1,0.064,40.0,54.0,0.995,3.54,0.93,10.7,1
405,2020,white,5.8,0.32,0.31,2.7,0.049,25.0,153.0,0.99067,3.44,0.73,12.2,1
406,1843,red,6.9,0.44,0.0,1.4,0.07,32.0,38.0,0.9943799999999999,3.32,0.58,11.4,1
407,743,white,7.0,0.23,0.33,5.8,0.04,25.0,136.0,0.995,3.19,0.58,9.5,1
408,4569,red,9.8,0.39,0.43,1.65,0.068,5.0,11.0,0.9947799999999999,3.19,0.46,11.4,0
409,3407,white,6.4,0.21,0.44,7.4,0.045,47.0,182.0,0.9957,3.24,0.46,9.1,0
410,2488,white,8.5,0.26,0.21,16.2,0.07400000000000001,41.0,197.0,0.998,3.02,0.5,9.8,0
411,3328,white,6.8,0.21,0.36,18.1,0.046,32.0,133.0,1.0,3.27,0.48,8.8,0
412,3198,white,7.6,0.23,0.26,15.3,0.067,32.0,166.0,0.9986,3.03,0.44,9.2,0
413,3285,white,6.2,0.38,0.18,7.4,0.095,28.0,195.0,0.9977299999999999,3.53,0.71,9.2,0
414,4395,red,7.6,0.46,0.11,2.6,0.079,12.0,49.0,0.9968,3.21,0.57,10.0,0
415,2861,white,6.7,0.18,0.3,6.4,0.048,40.0,251.0,0.9956,3.29,0.52,10.0,0
416,2336,white,6.1,0.105,0.31,1.3,0.037000000000000005,55.0,145.0,0.9912,3.41,0.41,11.1,1
417,3784,white,6.9,0.38,0.28,8.3,0.062,22.0,166.0,0.9950600000000001,3.16,0.72,10.6,0
418,1084,white,6.0,0.26,0.32,3.5,0.027999999999999997,29.0,113.0,0.9912,3.4,0.71,12.3,1
419,3220,white,6.1,0.46,0.32,6.2,0.053,10.0,94.0,0.9953700000000001,3.35,0.47,10.1,0
420,971,white,7.3,0.19,0.25,1.4,0.051,41.0,107.0,0.99382,3.53,0.66,10.5,1
421,204,white,6.7,0.19,0.41,15.6,0.055999999999999994,75.0,155.0,0.9995,3.2,0.44,8.8,1
422,4271,red,9.6,0.68,0.24,2.2,0.087,5.0,28.0,0.9988,3.14,0.6,10.2,0
423,4172,red,8.2,0.57,0.26,2.2,0.06,28.0,65.0,0.9959,3.3,0.43,10.1,0
424,1431,red,8.9,0.5,0.21,2.2,0.08800000000000001,21.0,39.0,0.99692,3.33,0.83,11.1,1
425,2764,white,9.4,0.29,0.55,2.2,0.05,17.0,119.0,0.9962,3.12,0.69,10.3,0
426,4366,red,8.6,0.8,0.11,2.3,0.084,12.0,31.0,0.9979,3.4,0.48,9.9,0
427,2972,white,6.8,0.26,0.29,16.95,0.055999999999999994,48.0,179.0,0.9998,3.45,0.4,9.6,0
428,2961,white,6.2,0.27,0.32,8.8,0.047,65.0,224.0,0.9961,3.17,0.47,8.9,0
429,3573,white,5.1,0.21,0.28,1.4,0.047,48.0,148.0,0.9916799999999999,3.5,0.49,10.4,0
430,447,white,7.1,0.26,0.29,12.4,0.044000000000000004,62.0,240.0,0.9969,3.04,0.42,9.2,1
431,741,red,6.5,0.53,0.06,2.0,0.063,29.0,44.0,0.9948899999999999,3.38,0.83,10.3,1
432,2211,white,6.3,0.28,0.24,8.45,0.031,32.0,172.0,0.9958,3.39,0.57,9.7,1
433,2838,white,5.7,0.245,0.33,1.1,0.049,28.0,150.0,0.9927,3.13,0.42,9.3,0
434,4609,red,7.0,0.42,0.19,2.3,0.071,18.0,36.0,0.9947600000000001,3.39,0.56,10.9,0
435,4463,red,7.1,0.46,0.14,2.8,0.076,15.0,37.0,0.99624,3.36,0.49,10.7,0
436,2561,white,6.5,0.38,0.34,3.4,0.036000000000000004,34.0,200.0,0.9937,3.14,0.76,10.0,0
437,4295,red,9.2,0.59,0.24,3.3,0.10099999999999999,20.0,47.0,0.9988,3.26,0.67,9.6,0
438,4527,red,7.1,0.34,0.28,2.0,0.08199999999999999,31.0,68.0,0.9969399999999999,3.45,0.48,9.4,0
439,584,white,7.5,0.18,0.31,6.5,0.028999999999999998,53.0,160.0,0.9927600000000001,3.03,0.38,10.9,1
440,4024,red,7.4,0.7,0.0,1.9,0.076,11.0,34.0,0.9978,3.51,0.56,9.4,0
441,163,white,6.7,0.21,0.42,9.1,0.049,31.0,150.0,0.9953,3.12,0.74,9.9,1
442,1184,white,5.5,0.16,0.31,1.2,0.026000000000000002,31.0,68.0,0.9898,3.33,0.44,11.65,1
443,2331,white,7.6,0.16,0.44,1.4,0.043,25.0,109.0,0.9932,3.11,0.75,10.3,1
444,4260,red,7.0,0.23,0.4,1.6,0.063,21.0,67.0,0.9952,3.5,0.63,11.1,0
445,3944,white,6.4,0.46,0.22,14.7,0.047,51.0,183.0,0.998275,3.39,0.6,10.5,0
446,3053,white,7.6,0.26,0.36,1.6,0.032,6.0,106.0,0.993,3.15,0.4,10.4,0
447,3470,white,6.1,0.37,0.2,7.6,0.031,49.0,170.0,0.9955799999999999,3.22,0.48,9.5,0
448,1926,white,6.8,0.26,0.29,11.9,0.052000000000000005,54.0,160.0,0.99546,3.03,0.58,10.4,1
449,657,white,6.7,0.25,0.26,13.5,0.06,50.0,156.0,0.99784,3.39,0.46,9.9,1
450,1506,white,5.4,0.185,0.19,7.1,0.048,36.0,110.0,0.9943799999999999,3.26,0.41,9.5,1
451,2102,white,6.2,0.24,0.35,1.2,0.038,22.0,167.0,0.9912,3.1,0.48,10.6,1
452,1645,white,6.0,0.2,0.24,1.8,0.03,30.0,105.0,0.9909,3.31,0.47,11.5,1
453,3750,white,7.7,0.31,0.36,4.3,0.026000000000000002,15.0,87.0,0.9915200000000001,3.11,0.48,12.0,0
454,2061,white,7.3,0.24,0.34,15.4,0.05,38.0,174.0,0.9983,3.03,0.42,9.0,1
455,3238,white,7.5,0.24,0.62,10.6,0.045,51.0,153.0,0.99779,3.16,0.44,8.8,0
456,834,white,6.9,0.23,0.33,12.8,0.055999999999999994,44.0,169.0,0.998,3.42,0.42,9.8,1
457,4032,red,7.5,0.5,0.36,6.1,0.071,17.0,102.0,0.9978,3.35,0.8,10.5,0
458,2065,red,8.9,0.84,0.34,1.4,0.05,4.0,10.0,0.99554,3.12,0.48,9.1,1
459,3073,white,8.5,0.17,0.31,1.0,0.024,13.0,91.0,0.993,2.79,0.37,10.1,0
460,3642,white,7.2,0.23,0.25,18.8,0.085,19.0,111.0,1.00044,3.1,0.51,8.7,0
461,3983,white,6.0,0.32,0.46,1.5,0.05,56.0,189.0,0.99308,3.24,0.49,9.6,0
462,429,red,13.8,0.49,0.67,3.0,0.09300000000000001,6.0,15.0,0.9986,3.02,0.93,12.0,1
463,1811,white,7.1,0.28,0.44,1.8,0.032,32.0,107.0,0.9907,3.25,0.48,12.2,1
464,141,white,7.2,0.21,0.37,1.6,0.049,23.0,94.0,0.9924,3.16,0.48,10.9,1
465,2144,red,7.2,0.63,0.0,1.9,0.09699999999999999,14.0,38.0,0.99675,3.37,0.58,9.0,1
466,3628,white,6.4,0.38,0.24,7.2,0.047,41.0,151.0,0.9960399999999999,3.11,0.6,9.2,0
467,535,white,6.3,0.2,0.26,12.7,0.046,60.0,143.0,0.99526,3.26,0.35,10.8,1
468,1013,white,7.4,0.19,0.3,12.8,0.053,48.5,229.0,0.9986,3.14,0.49,9.1,1
469,1847,red,7.6,0.51,0.24,2.4,0.091,8.0,38.0,0.998,3.47,0.66,9.6,1
470,4073,red,9.3,0.32,0.57,2.0,0.07400000000000001,27.0,65.0,0.9969,3.28,0.79,10.7,0
471,174,white,8.5,0.15,0.49,1.5,0.031,17.0,122.0,0.9932,3.03,0.4,10.3,1
472,313,white,7.2,0.2,0.3,2.0,0.039,43.0,188.0,0.9911,3.3,0.41,12.0,1
473,28,red,9.2,0.67,0.1,3.0,0.091,12.0,48.0,0.9988799999999999,3.31,0.54,9.5,1
474,1742,red,6.8,0.56,0.03,1.7,0.084,18.0,35.0,0.9968,3.44,0.63,10.0,1
475,477,red,8.8,0.7,0.0,1.7,0.069,8.0,19.0,0.9970100000000001,3.31,0.53,10.0,1
476,4627,red,8.0,1.18,0.21,1.9,0.083,14.0,41.0,0.9953200000000001,3.34,0.47,10.5,0
477,979,white,7.1,0.145,0.33,4.6,0.05,33.0,131.0,0.9942,3.28,0.4,9.6,1
478,841,white,7.0,0.16,0.25,14.3,0.044000000000000004,27.0,149.0,0.998,2.91,0.46,9.2,1
479,4404,red,6.4,0.57,0.02,1.8,0.067,4.0,11.0,0.997,3.46,0.68,9.5,0
480,1383,white,7.0,0.13,0.3,5.0,0.055999999999999994,31.0,122.0,0.9945,3.47,0.42,10.5,1
481,267,white,6.7,0.18,0.28,10.2,0.039,29.0,115.0,0.99469,3.11,0.45,10.9,1
482,740,white,7.6,0.22,0.28,12.0,0.055999999999999994,68.0,143.0,0.9983,2.99,0.3,9.2,1
483,2250,red,8.6,0.42,0.39,1.8,0.068,6.0,12.0,0.99516,3.35,0.69,11.7,1
484,2862,white,7.6,0.54,0.23,2.0,0.028999999999999998,13.0,151.0,0.9931,3.04,0.33,10.4,0
485,1120,white,5.8,0.3,0.23,1.5,0.034,37.0,121.0,0.9887100000000001,2.96,0.34,12.1,1
486,2786,white,8.1,0.45,0.34,8.3,0.037000000000000005,33.0,216.0,0.9976,3.31,0.64,9.7,0
487,4428,red,9.3,0.655,0.26,2.0,0.096,5.0,35.0,0.9973799999999999,3.25,0.42,9.6,0
488,515,white,7.6,0.29,0.58,17.5,0.040999999999999995,51.0,225.0,0.9997,3.16,0.66,9.5,1
489,3610,white,6.0,0.23,0.15,9.7,0.048,101.0,207.0,0.99571,3.05,0.3,9.1,0
490,448,white,7.15,0.17,0.24,9.6,0.11900000000000001,56.0,178.0,0.9957799999999999,3.15,0.44,10.2,1
491,520,white,7.3,0.24,0.3,2.5,0.042,31.0,104.0,0.9911,3.05,0.56,11.3,1
492,3358,white,6.3,0.34,0.36,4.9,0.035,31.0,185.0,0.9946,3.15,0.49,9.7,0
493,2127,red,8.9,0.38,0.4,2.2,0.068,12.0,28.0,0.9948600000000001,3.27,0.75,12.6,1
494,2652,white,6.1,0.25,0.24,12.1,0.046,51.0,172.0,0.998,3.35,0.45,9.5,0
495,2057,white,6.5,0.35,0.28,12.4,0.051,86.0,213.0,0.9962,3.16,0.51,9.9,1
496,839,white,6.5,0.19,0.34,1.6,0.028999999999999998,39.0,116.0,0.98954,3.21,0.68,12.5,1
497,1265,white,6.7,0.27,0.3,13.9,0.028999999999999998,34.0,131.0,0.9953,3.36,0.5,12.0,1
498,1969,red,8.7,0.31,0.46,1.4,0.059000000000000004,11.0,25.0,0.9966,3.36,0.76,10.1,1
499,362,white,6.3,0.23,0.22,3.75,0.039,37.0,116.0,0.9927,3.23,0.5,10.7,1
500,2758,white,7.3,0.15,0.4,2.0,0.05,24.0,92.0,0.9932,3.14,0.45,10.5,0
501,2955,white,6.6,0.31,0.49,7.7,0.05,52.0,220.0,0.9964,3.12,0.45,8.8,0
502,3036,white,7.3,0.24,0.41,13.6,0.05,41.0,178.0,0.9988,3.37,0.43,9.7,0
503,4600,red,6.1,0.64,0.02,2.4,0.069,26.0,46.0,0.9935799999999999,3.47,0.45,11.0,0
504,4113,red,8.1,1.33,0.0,1.8,0.08199999999999999,3.0,12.0,0.9964,3.54,0.48,10.9,0
505,2391,white,7.3,0.28,0.43,1.7,0.08,21.0,123.0,0.9905,3.19,0.42,12.8,0
506,3483,white,7.2,0.2,0.22,1.6,0.044000000000000004,17.0,101.0,0.99471,3.37,0.53,10.0,0
507,3893,white,5.2,0.22,0.46,6.2,0.066,41.0,187.0,0.9936200000000001,3.19,0.42,9.733333333,0
508,2802,white,9.1,0.27,0.32,1.1,0.031,15.0,151.0,0.9936,3.03,0.41,10.6,0
509,1259,white,7.7,0.32,0.62,10.6,0.036000000000000004,56.0,153.0,0.9978,3.13,0.44,8.9,1
510,3694,white,7.0,0.39,0.21,10.7,0.098,13.0,91.0,0.9965700000000001,3.03,0.47,9.3,0
511,3947,white,6.1,0.2,0.4,1.9,0.027999999999999997,32.0,138.0,0.9914,3.26,0.72,11.7,0
512,1471,red,6.9,0.74,0.03,2.3,0.054000000000000006,7.0,16.0,0.99508,3.45,0.63,11.5,1
513,3114,white,7.3,0.29,0.37,8.3,0.044000000000000004,45.0,227.0,0.9966,3.12,0.47,9.0,0
514,181,white,5.4,0.17,0.27,2.7,0.049,28.0,104.0,0.99224,3.46,0.55,10.3,1
515,700,white,6.5,0.19,0.3,0.8,0.043,33.0,144.0,0.9936,3.42,0.39,9.1,1
516,1986,red,7.4,0.29,0.38,1.7,0.062,9.0,30.0,0.9968,3.41,0.53,9.5,1
517,2368,white,6.9,0.23,0.35,6.9,0.03,45.0,116.0,0.99244,2.8,0.54,11.0,1
518,3714,white,7.3,0.25,0.26,7.2,0.048,52.0,207.0,0.99587,3.12,0.37,9.2,0
519,649,red,7.6,0.715,0.0,2.1,0.068,30.0,35.0,0.9953299999999999,3.48,0.65,11.4,1
520,1961,white,6.4,0.16,0.22,1.4,0.04,41.0,149.0,0.9933,3.49,0.58,10.0,1
521,379,red,7.6,0.48,0.31,2.8,0.07,4.0,15.0,0.9969299999999999,3.22,0.55,10.3,1
522,2851,white,8.0,0.59,0.71,17.35,0.038,61.0,228.0,1.0,2.95,0.75,9.3,0
523,3432,white,6.6,0.25,0.51,8.0,0.047,61.0,189.0,0.9960399999999999,3.22,0.49,9.2,0
524,2563,white,6.7,0.47,0.34,8.9,0.043,31.0,172.0,0.9964,3.22,0.6,9.2,0
525,2084,white,8.0,0.24,0.33,1.2,0.044000000000000004,28.0,101.0,0.99035,3.03,0.43,12.5,1
526,4300,red,15.5,0.645,0.49,4.2,0.095,10.0,23.0,1.00315,2.92,0.74,11.1,0
527,2751,white,7.5,0.17,0.37,1.5,0.06,18.0,75.0,0.9936,3.54,0.88,10.7,0
528,3124,white,7.6,0.18,0.36,2.4,0.049,38.0,123.0,0.996,3.6,0.46,10.3,0
529,4145,red,7.9,0.885,0.03,1.8,0.057999999999999996,4.0,8.0,0.9972,3.36,0.33,9.1,0
530,1320,white,6.1,0.31,0.58,5.0,0.039,36.0,114.0,0.9909,3.3,0.6,12.3,1
531,1569,white,7.4,0.19,0.3,12.8,0.053,48.5,229.0,0.9986,3.14,0.49,9.1,1
532,3307,white,7.1,0.29,0.3,16.0,0.036000000000000004,58.0,201.0,0.99954,3.3,0.67,9.0,0
533,2667,white,5.8,0.25,0.28,11.1,0.055999999999999994,45.0,175.0,0.99755,3.42,0.43,9.5,0
534,3707,white,6.5,0.41,0.22,4.8,0.052000000000000005,49.0,142.0,0.9946,3.14,0.62,9.2,0
535,953,white,6.4,0.17,0.27,9.9,0.047,26.0,101.0,0.9959600000000001,3.34,0.5,9.9,1
536,3042,white,6.8,0.24,0.31,18.3,0.046,40.0,142.0,1.0,3.3,0.41,8.7,0
537,4235,red,7.4,0.55,0.22,2.2,0.106,12.0,72.0,0.9959,3.05,0.63,9.2,0
538,30,white,6.6,0.26,0.27,11.8,0.048,28.0,112.0,0.9960600000000001,2.87,0.49,9.7,1
539,4674,red,8.7,0.675,0.1,1.6,0.09,4.0,11.0,0.99745,3.31,0.65,9.55,0
540,2815,white,6.4,0.25,0.41,8.6,0.042,57.0,173.0,0.9965,3.0,0.44,9.1,0
541,4444,red,8.6,0.63,0.17,2.9,0.099,21.0,119.0,0.998,3.09,0.52,9.3,0
542,901,red,11.4,0.26,0.44,3.6,0.071,6.0,19.0,0.9986,3.12,0.82,9.3,1
543,3676,white,7.4,0.27,0.31,2.4,0.013999999999999999,15.0,143.0,0.9909399999999999,3.03,0.65,12.0,0
544,858,white,9.2,0.25,0.34,1.2,0.026000000000000002,31.0,93.0,0.9916,2.93,0.37,11.3,1
545,1680,white,6.9,0.22,0.32,5.8,0.040999999999999995,20.0,119.0,0.9929600000000001,3.17,0.55,11.2,1
546,2608,white,6.5,0.46,0.41,16.8,0.084,59.0,222.0,0.9993,3.18,0.58,9.0,0
547,3481,white,6.8,0.26,0.46,8.3,0.037000000000000005,49.0,173.0,0.9960100000000001,3.17,0.47,9.3,0
548,1185,white,6.2,0.3,0.2,6.6,0.045,42.0,170.0,0.9944,3.36,0.45,10.4,1
549,2394,white,7.3,0.24,0.39,17.95,0.057,45.0,149.0,0.9999,3.21,0.36,8.6,0
550,2619,white,6.1,0.28,0.25,12.9,0.054000000000000006,34.0,189.0,0.9979,3.25,0.43,9.0,0
551,2755,white,7.7,0.275,0.3,1.0,0.039,19.0,75.0,0.992,3.01,0.56,10.7,0
552,635,white,7.1,0.21,0.32,2.2,0.037000000000000005,28.0,141.0,0.993,3.2,0.57,10.0,1
553,4517,red,7.2,0.41,0.3,2.1,0.083,35.0,72.0,0.997,3.44,0.52,9.4,0
554,1233,white,6.3,0.15,0.3,1.4,0.022000000000000002,38.0,100.0,0.9909899999999999,3.42,0.57,11.4,1
555,1950,white,6.8,0.28,0.43,7.6,0.03,30.0,110.0,0.99164,3.08,0.59,12.5,1
556,2954,white,5.8,0.15,0.49,1.1,0.048,21.0,98.0,0.9929,3.19,0.48,9.2,0
557,2924,white,7.5,0.19,0.49,1.8,0.055,19.0,110.0,0.9946,3.33,0.44,9.9,0
558,2056,white,7.6,0.2,0.3,14.2,0.055999999999999994,53.0,212.5,0.9990000000000001,3.14,0.46,8.9,1
559,3139,white,6.0,0.16,0.3,6.7,0.043,43.0,153.0,0.9951,3.63,0.46,10.6,0
560,1145,white,6.7,0.12,0.3,5.2,0.048,38.0,113.0,0.9935200000000001,3.33,0.44,10.1,1
561,3453,white,6.2,0.23,0.23,1.2,0.018000000000000002,18.0,128.0,0.9917799999999999,3.05,0.28,10.6,0
562,1690,red,12.0,0.39,0.66,3.0,0.09300000000000001,12.0,30.0,0.9996,3.18,0.63,10.8,1
563,2155,white,6.6,0.29,0.29,1.8,0.036000000000000004,38.0,102.0,0.98819,3.08,0.42,13.7,1
564,3382,white,7.2,0.24,0.27,11.4,0.034,40.0,174.0,0.9977299999999999,3.2,0.44,9.0,0
565,1935,white,6.4,0.225,0.48,2.2,0.115,29.0,104.0,0.9918,3.24,0.58,12.1,1
566,1925,red,7.3,0.43,0.24,2.5,0.078,27.0,67.0,0.9964799999999999,3.6,0.59,11.1,1
567,3172,white,9.8,0.93,0.45,8.6,0.052000000000000005,34.0,187.0,0.9994,3.12,0.59,10.2,0
568,566,white,5.7,0.22,0.2,16.0,0.044000000000000004,41.0,113.0,0.9986200000000001,3.22,0.46,8.9,1
569,1906,white,7.2,0.16,0.29,1.0,0.031,40.0,123.0,0.9895799999999999,3.12,0.4,12.1,1
570,2779,white,6.3,0.16,0.4,1.6,0.033,59.0,148.0,0.9914,3.44,0.53,11.4,0
571,2550,white,7.2,0.6,0.2,9.9,0.07,21.0,174.0,0.9971,3.03,0.54,9.1,0
572,346,white,7.1,0.29,0.34,7.8,0.036000000000000004,49.0,128.0,0.99397,3.21,0.4,10.7,1
573,2884,white,7.4,0.25,0.49,1.1,0.042,35.0,156.0,0.9917,3.13,0.55,11.3,0
574,4262,red,9.2,0.63,0.21,2.7,0.09699999999999999,29.0,65.0,0.9988,3.28,0.58,9.6,0
575,1603,white,5.9,0.24,0.12,1.4,0.035,60.0,247.0,0.9935799999999999,3.34,0.44,9.6,1
576,568,white,6.8,0.19,0.32,7.6,0.049,37.0,107.0,0.9933200000000001,3.12,0.44,10.7,1
577,2293,white,7.1,0.39,0.39,11.1,0.034,25.0,204.0,0.99616,3.05,0.52,10.0,1
578,125,red,13.0,0.47,0.49,4.3,0.085,6.0,47.0,1.0021,3.3,0.68,12.7,1
579,1166,white,7.2,0.21,0.29,3.1,0.044000000000000004,39.0,122.0,0.9914299999999999,3.0,0.6,11.3,1
580,2809,white,7.6,0.33,0.36,2.1,0.034,26.0,172.0,0.9944,3.42,0.48,10.5,0
581,4488,red,9.2,0.56,0.18,1.6,0.078,10.0,21.0,0.9957600000000001,3.15,0.49,9.9,0
582,3587,white,6.2,0.23,0.35,0.7,0.051,24.0,111.0,0.9916,3.37,0.43,11.0,0
583,3011,white,7.2,0.5,0.0,0.8,0.034,46.0,114.0,0.9932,3.19,0.34,9.2,0
584,3730,white,4.8,0.65,0.12,1.1,0.013000000000000001,4.0,10.0,0.99246,3.32,0.36,13.5,0
585,4402,red,7.5,1.115,0.1,3.1,0.086,5.0,12.0,0.9958,3.54,0.6,11.2,0
586,1718,white,6.3,0.36,0.28,2.5,0.035,18.0,73.0,0.9886799999999999,3.1,0.47,12.8,1
587,4391,red,8.7,0.69,0.0,3.2,0.084,13.0,33.0,0.9992,3.36,0.45,9.4,0
588,3559,white,6.6,0.38,0.36,9.2,0.061,42.0,214.0,0.9976,3.31,0.56,9.4,0
589,1299,white,8.1,0.2,0.28,0.9,0.023,49.0,87.0,0.9906200000000001,2.92,0.36,11.1,1
590,2173,red,5.0,0.42,0.24,2.0,0.06,19.0,50.0,0.9917,3.72,0.74,14.0,1
591,597,white,6.5,0.36,0.31,13.55,0.053,20.0,113.0,0.99544,3.2,0.56,11.0,1
592,2053,white,7.6,0.32,0.36,1.6,0.04,32.0,155.0,0.993,3.23,0.52,11.3,1
593,2168,white,7.6,0.24,0.44,3.8,0.037000000000000005,49.0,146.0,0.9911,3.06,0.37,11.6,1
594,2134,white,5.5,0.32,0.45,4.9,0.027999999999999997,25.0,191.0,0.9922,3.51,0.49,11.5,1
595,1772,white,5.7,0.32,0.38,4.75,0.033,23.0,94.0,0.991,3.42,0.42,11.8,1
596,486,white,7.2,0.16,0.49,1.3,0.037000000000000005,27.0,104.0,0.9924,3.23,0.57,10.6,1
597,2258,red,7.7,0.27,0.68,3.5,0.358,5.0,10.0,0.9972,3.25,1.08,9.9,1
598,957,white,6.0,0.2,0.25,2.0,0.040999999999999995,30.0,95.0,0.9907799999999999,3.27,0.56,11.1,1
599,996,white,6.1,0.17,0.28,4.5,0.033,46.0,150.0,0.9933,3.43,0.49,10.9,1
600,3779,white,6.5,0.43,0.18,13.15,0.032,25.0,131.0,0.99565,3.23,0.51,10.7,0
601,2052,white,7.0,0.2,0.35,8.8,0.037000000000000005,31.0,103.0,0.9938799999999999,3.13,0.49,11.0,1
602,1410,white,14.2,0.27,0.49,1.1,0.037000000000000005,33.0,156.0,0.992,3.15,0.54,11.1,1
603,3364,white,7.3,0.32,0.29,1.5,0.038,32.0,144.0,0.9929600000000001,3.2,0.55,10.8,0
604,61,white,6.7,0.41,0.24,5.4,0.035,33.0,115.0,0.9901,3.12,0.44,12.89333333,1
605,3918,white,6.3,0.25,0.27,6.6,0.054000000000000006,40.0,158.0,0.9937799999999999,3.2,0.48,10.3,0
606,2158,red,7.0,0.65,0.02,2.1,0.066,8.0,25.0,0.9972,3.47,0.67,9.5,1
607,811,white,6.7,0.15,0.32,7.9,0.034,17.0,81.0,0.9951200000000001,3.29,0.31,10.0,1
608,915,red,8.0,0.48,0.34,2.2,0.073,16.0,25.0,0.9936,3.28,0.66,12.4,1
609,3752,white,7.5,0.35,0.48,12.4,0.055999999999999994,61.0,176.5,0.99803,2.97,0.52,8.8,0
610,881,white,8.0,0.19,0.3,2.0,0.053,48.0,140.0,0.9940000000000001,3.18,0.49,9.6,1
611,3482,white,6.0,0.28,0.25,1.8,0.042,8.0,108.0,0.9929,3.08,0.55,9.0,0
612,1318,white,5.0,0.33,0.23,11.8,0.03,23.0,158.0,0.9932200000000001,3.41,0.64,11.8,1
613,4353,red,8.6,0.47,0.47,2.4,0.07400000000000001,7.0,29.0,0.9979,3.08,0.46,9.5,0
614,3592,white,7.8,0.29,0.29,3.15,0.044000000000000004,41.0,117.0,0.9915299999999999,3.24,0.35,11.5,0
615,13,white,5.8,0.2,0.27,1.4,0.031,12.0,77.0,0.9905,3.25,0.36,10.9,1
616,1622,red,6.8,0.36,0.32,1.8,0.067,4.0,8.0,0.9928,3.36,0.55,12.8,1
617,1745,white,5.6,0.28,0.27,3.9,0.043,52.0,158.0,0.9920200000000001,3.35,0.44,10.7,1
618,390,red,7.2,0.38,0.3,1.8,0.073,31.0,70.0,0.99685,3.42,0.59,9.5,1
619,2564,white,5.8,0.25,0.24,13.3,0.044000000000000004,41.0,137.0,0.9972,3.34,0.42,9.5,0
620,2340,red,7.6,0.5,0.29,2.3,0.086,5.0,14.0,0.9950200000000001,3.32,0.62,11.5,1
621,3558,white,4.2,0.215,0.23,5.1,0.040999999999999995,64.0,157.0,0.9968799999999999,3.42,0.44,8.0,0
622,808,white,8.2,0.34,0.49,8.0,0.046,55.0,223.0,0.996,3.08,0.52,10.7,1
623,2041,white,7.7,0.35,0.49,8.65,0.033,42.0,186.0,0.9931,3.14,0.38,12.4,1
624,1978,white,7.1,0.26,0.32,14.45,0.07400000000000001,29.0,107.0,0.998,2.96,0.42,9.2,1
625,4577,red,9.9,0.74,0.19,5.8,0.111,33.0,76.0,0.9987799999999999,3.14,0.55,9.4,0
626,2933,white,6.4,0.18,0.74,11.9,0.046,54.0,168.0,0.9978,3.58,0.68,10.1,0
627,2109,white,7.2,0.685,0.21,9.5,0.07,33.0,172.0,0.9971,3.0,0.55,9.1,1
628,1475,red,8.0,0.67,0.3,2.0,0.06,38.0,62.0,0.9958,3.26,0.56,10.2,1
629,3585,white,8.8,0.27,0.25,5.0,0.024,52.0,99.0,0.9925,2.87,0.49,11.4,0
630,4099,red,8.1,0.575,0.22,2.1,0.077,12.0,65.0,0.9967,3.29,0.51,9.2,0
631,854,white,7.0,0.17,0.36,6.4,0.055,42.0,123.0,0.99318,3.11,0.5,11.0,1
632,4238,red,8.4,0.665,0.61,2.0,0.11199999999999999,13.0,95.0,0.997,3.16,0.54,9.1,0
633,3221,white,7.5,0.29,0.26,14.95,0.067,47.0,178.0,0.9983799999999999,3.04,0.49,9.2,0
634,3380,white,7.2,0.24,0.27,11.4,0.034,40.0,174.0,0.9977299999999999,3.2,0.44,9.0,0
635,292,red,7.3,0.305,0.39,1.2,0.059000000000000004,7.0,11.0,0.99331,3.29,0.52,11.5,1
636,268,white,5.1,0.25,0.36,1.3,0.035,40.0,78.0,0.9891,3.23,0.64,12.1,1
637,1253,white,7.2,0.24,0.29,2.2,0.037000000000000005,37.0,102.0,0.992,3.27,0.64,11.0,1
638,4101,red,6.2,0.63,0.31,1.7,0.08800000000000001,15.0,64.0,0.9969,3.46,0.79,9.3,0
639,2782,white,9.2,0.22,0.4,2.4,0.054000000000000006,18.0,151.0,0.9952,3.04,0.46,9.3,0
640,4321,red,7.7,0.835,0.0,2.6,0.081,6.0,14.0,0.9975,3.3,0.52,9.3,0
641,4601,red,7.5,0.59,0.22,1.8,0.08199999999999999,43.0,60.0,0.9949899999999999,3.1,0.42,9.2,0
642,2398,white,7.0,0.47,0.07,1.1,0.035,17.0,151.0,0.991,3.02,0.34,10.5,0
643,1065,white,7.4,0.13,0.39,4.7,0.042,36.0,137.0,0.995,3.36,0.56,10.3,1
644,2743,white,5.1,0.52,0.06,2.7,0.052000000000000005,30.0,79.0,0.9932,3.32,0.43,9.3,0
645,580,white,6.5,0.21,0.42,1.1,0.059000000000000004,33.0,101.0,0.9927,3.12,0.38,9.7,1
646,3047,white,7.6,0.13,0.34,9.3,0.062,40.0,126.0,0.9966,3.21,0.39,9.6,0
647,4416,red,6.5,0.615,0.0,1.9,0.065,9.0,18.0,0.9972,3.46,0.65,9.2,0
648,1693,white,7.7,0.42,0.31,9.2,0.048,22.0,221.0,0.9969,3.06,0.61,9.2,1
649,2742,white,6.4,0.28,0.41,6.8,0.045,61.0,216.0,0.9952,3.09,0.46,9.4,0
650,3716,white,7.3,0.25,0.26,7.2,0.048,52.0,207.0,0.99587,3.12,0.37,9.2,0
651,3521,white,6.1,0.2,0.34,9.5,0.040999999999999995,38.0,201.0,0.995,3.14,0.44,10.1,0
652,1499,white,7.2,0.22,0.24,1.4,0.040999999999999995,17.0,159.0,0.9919600000000001,3.25,0.53,11.2,1
653,2647,white,8.4,0.4,0.7,13.1,0.042,29.0,197.0,0.998,3.06,0.64,9.7,0
654,1864,white,6.9,0.19,0.49,6.6,0.036000000000000004,49.0,172.0,0.9932,3.2,0.27,11.5,1
655,1006,white,6.4,0.5,0.2,2.4,0.059000000000000004,19.0,112.0,0.9931399999999999,3.18,0.4,9.2,1
656,3348,white,6.2,0.33,0.14,4.8,0.052000000000000005,27.0,128.0,0.99475,3.21,0.48,9.4,0
657,3415,white,6.9,0.615,0.42,12.0,0.067,24.0,131.0,0.9972700000000001,3.19,0.34,9.3,0
658,155,white,6.6,0.16,0.32,1.4,0.035,49.0,186.0,0.9906,3.35,0.64,12.4,1
659,3792,white,6.9,0.37,0.23,9.5,0.057,54.0,166.0,0.9956799999999999,3.23,0.42,10.0,0
660,837,white,6.4,0.28,0.28,3.0,0.04,19.0,98.0,0.99216,3.25,0.47,11.1,1
661,459,white,6.6,0.285,0.49,11.4,0.035,57.0,137.0,0.9973200000000001,3.08,0.54,8.9,1
662,3230,white,6.6,0.22,0.28,12.05,0.057999999999999996,25.0,125.0,0.99856,3.45,0.45,9.4,0
663,3820,white,7.9,0.36,0.53,12.9,0.049,63.0,139.0,0.99792,2.94,0.45,9.1,0
664,4530,red,9.6,0.5,0.36,2.8,0.11599999999999999,26.0,55.0,0.9972200000000001,3.18,0.68,10.9,0
665,4379,red,9.2,0.92,0.24,2.6,0.087,12.0,93.0,0.9998,3.48,0.54,9.8,0
666,3255,white,7.9,0.31,0.22,13.3,0.048,46.0,212.0,0.9994200000000001,3.47,0.59,10.0,0
667,3895,white,5.9,0.29,0.16,7.9,0.044000000000000004,48.0,197.0,0.9951200000000001,3.21,0.36,9.4,0
668,250,white,6.6,0.21,0.5,8.7,0.036000000000000004,41.0,191.0,0.9929399999999999,2.96,0.56,11.0,1
669,3816,white,7.6,0.27,0.32,1.2,0.043,23.0,72.0,0.99236,3.06,0.68,10.5,0
670,4206,red,11.0,0.2,0.48,2.0,0.34299999999999997,6.0,18.0,0.9979,3.3,0.71,10.5,0
671,790,white,6.6,0.19,0.43,10.9,0.045,53.0,154.0,0.9975200000000001,3.52,0.77,10.4,1
672,1911,red,6.0,0.31,0.47,3.6,0.067,18.0,42.0,0.99549,3.39,0.66,11.0,1
673,3683,white,6.4,0.34,0.44,8.2,0.043,54.0,201.0,0.99551,3.18,0.48,9.5,0
674,1801,white,7.2,0.19,0.46,3.8,0.040999999999999995,82.0,187.0,0.9932,3.19,0.6,11.2,1
675,3758,white,8.0,0.37,0.31,4.7,0.038,3.0,127.0,0.9918600000000001,2.9,0.72,12.1,0
676,1904,white,7.7,0.26,0.51,2.6,0.045,26.0,159.0,0.99126,3.0,0.5,11.2,1
677,1670,white,6.9,0.24,0.33,4.8,0.04,16.0,131.0,0.9936,3.26,0.64,10.7,1
678,1207,white,6.7,0.26,0.29,7.1,0.036000000000000004,28.0,100.0,0.99534,3.08,0.36,9.3,1
679,771,white,6.9,0.31,0.34,1.6,0.032,23.0,128.0,0.9917,3.37,0.47,11.7,1
680,1922,white,5.8,0.27,0.4,1.2,0.076,47.0,130.0,0.99185,3.13,0.45,10.3,1
681,896,red,5.4,0.835,0.08,1.2,0.046,13.0,93.0,0.9924,3.57,0.85,13.0,1
682,4205,red,11.6,0.42,0.53,3.3,0.105,33.0,98.0,1.001,3.2,0.95,9.2,0
683,3371,white,6.5,0.3,0.39,7.8,0.038,61.0,219.0,0.9959,3.19,0.5,9.4,0
684,3413,white,7.9,0.51,0.34,2.6,0.049,13.0,135.0,0.99335,3.09,0.51,10.0,0
685,3381,white,8.7,0.31,0.73,14.35,0.044000000000000004,27.0,191.0,1.00013,2.96,0.88,8.7,0
686,3096,white,7.6,0.29,0.26,6.5,0.042,32.0,160.0,0.9944,3.14,0.47,10.7,0
687,992,red,8.2,0.74,0.09,2.0,0.067,5.0,10.0,0.99418,3.28,0.57,11.8,1
688,2283,white,6.5,0.19,0.26,5.2,0.04,31.0,140.0,0.995,3.26,0.68,9.5,1
689,1858,white,6.0,0.2,0.38,1.3,0.034,37.0,104.0,0.98865,3.11,0.52,12.7,1
690,1151,white,7.4,0.22,0.27,1.6,0.057,45.0,98.0,0.9929899999999999,3.29,0.44,9.9,1
691,1974,white,8.9,0.3,0.35,4.6,0.032,32.0,148.0,0.9945799999999999,3.15,0.45,11.5,1
692,1280,white,6.8,0.32,0.21,2.2,0.044000000000000004,15.0,68.0,0.9932,3.17,0.39,9.4,1
693,4369,red,13.3,0.43,0.58,1.9,0.07,15.0,40.0,1.0004,3.06,0.49,9.0,0
694,1640,white,5.9,0.24,0.3,2.0,0.033,28.0,92.0,0.99225,3.39,0.69,10.9,1
695,2903,white,7.9,0.16,0.74,17.85,0.037000000000000005,52.0,187.0,0.9998,2.99,0.41,9.3,0
696,2920,white,8.8,0.35,0.49,1.0,0.036000000000000004,14.0,56.0,0.992,2.96,0.33,10.5,0
697,3927,white,5.8,0.555,0.26,4.5,0.053,17.0,126.0,0.9943,3.24,0.46,9.1,0
698,3117,white,6.9,0.17,0.25,1.6,0.047,34.0,132.0,0.9914,3.16,0.48,11.4,0
699,3357,white,7.0,0.14,0.28,1.3,0.026000000000000002,10.0,56.0,0.9935200000000001,3.46,0.45,9.9,0
700,1481,red,9.2,0.31,0.36,2.2,0.079,11.0,31.0,0.99615,3.33,0.86,12.0,1
701,1555,white,5.3,0.36,0.27,6.3,0.027999999999999997,40.0,132.0,0.9918600000000001,3.37,0.4,11.6,1
702,4482,red,7.2,0.62,0.06,2.7,0.077,15.0,85.0,0.99746,3.51,0.54,9.5,0
703,1234,white,7.7,0.27,0.49,1.8,0.040999999999999995,23.0,86.0,0.9914,3.16,0.42,12.5,1
704,3654,white,6.6,0.3,0.45,8.0,0.038,54.0,200.0,0.9956,3.18,0.48,9.5,0
705,2036,white,6.8,0.18,0.3,12.8,0.062,19.0,171.0,0.99808,3.0,0.52,9.0,1
706,4707,red,10.0,0.69,0.11,1.4,0.084,8.0,24.0,0.9957799999999999,2.88,0.47,9.7,0
707,3451,white,7.3,0.23,0.34,9.3,0.052000000000000005,19.0,86.0,0.99574,3.04,0.56,10.0,0
708,3601,white,6.0,0.39,0.13,1.2,0.042,60.0,172.0,0.9911399999999999,3.06,0.52,10.6,0
709,410,red,7.1,0.59,0.01,2.3,0.08,27.0,43.0,0.9955,3.42,0.58,10.7,1
710,3614,white,7.2,0.31,0.35,7.2,0.046,45.0,178.0,0.9955,3.14,0.53,9.7,0
711,133,white,7.4,0.35,0.2,13.9,0.054000000000000006,63.0,229.0,0.9988799999999999,3.11,0.5,8.9,1
712,2937,white,6.6,0.55,0.01,2.7,0.034,56.0,122.0,0.9906,3.15,0.3,11.9,0
713,4485,red,7.3,0.35,0.24,2.0,0.067,28.0,48.0,0.9957600000000001,3.43,0.54,10.0,0
714,487,red,7.0,0.43,0.3,2.0,0.085,6.0,39.0,0.99346,3.33,0.46,11.9,1
715,4358,red,12.1,0.4,0.52,2.0,0.092,15.0,54.0,1.0,3.03,0.66,10.2,0
716,3632,white,7.0,0.29,0.33,0.9,0.040999999999999995,20.0,117.0,0.9904799999999999,3.21,0.5,11.4,0
717,1888,red,10.2,0.645,0.36,1.8,0.053,5.0,14.0,0.9982,3.17,0.42,10.0,1
718,2745,white,6.1,0.16,0.27,12.6,0.064,63.0,162.0,0.9994,3.66,0.43,8.9,0
719,1333,red,7.1,0.59,0.02,2.3,0.08199999999999999,24.0,94.0,0.99744,3.55,0.53,9.7,1
720,4149,red,7.0,0.805,0.0,2.5,0.068,7.0,20.0,0.9969,3.48,0.56,9.6,0
721,149,red,10.2,0.36,0.64,2.9,0.122,10.0,41.0,0.998,3.23,0.66,12.5,1
722,3687,white,5.5,0.24,0.45,1.7,0.046,22.0,113.0,0.99224,3.22,0.48,10.0,0
723,4338,red,10.1,0.935,0.22,3.4,0.105,11.0,86.0,1.001,3.43,0.64,11.3,0
724,2202,red,7.0,0.57,0.0,2.0,0.19,12.0,45.0,0.9967600000000001,3.31,0.6,9.4,1
725,3770,white,6.8,0.27,0.22,17.8,0.034,16.0,116.0,0.9989,3.07,0.53,9.2,0
726,1568,white,5.7,0.23,0.25,7.95,0.042,16.0,108.0,0.9948600000000001,3.44,0.61,10.3,1
727,1467,red,6.9,0.84,0.21,4.1,0.07400000000000001,16.0,65.0,0.9984200000000001,3.53,0.72,9.25,1
728,1616,white,7.7,0.39,0.3,5.2,0.037000000000000005,29.0,131.0,0.9943,3.38,0.44,11.0,1
729,211,white,7.1,0.47,0.29,14.8,0.024,22.0,142.0,0.99518,3.12,0.48,12.0,1
730,2860,white,6.7,0.18,0.3,6.4,0.048,40.0,251.0,0.9956,3.29,0.52,10.0,0
731,4153,red,7.2,0.73,0.02,2.5,0.076,16.0,42.0,0.9972,3.44,0.52,9.3,0
732,4598,red,7.9,0.66,0.0,1.4,0.096,6.0,13.0,0.99569,3.43,0.58,9.5,0
733,577,white,6.8,0.12,0.3,12.9,0.049,32.0,88.0,0.99654,3.2,0.35,9.9,1
734,3084,white,7.0,0.12,0.28,6.3,0.057,17.0,103.0,0.9957,3.5,0.44,9.6,0
735,119,white,7.3,0.4,0.28,6.5,0.037000000000000005,26.0,97.0,0.9914799999999999,3.16,0.58,12.6,1
736,4021,white,6.8,0.22,0.36,1.2,0.052000000000000005,38.0,127.0,0.9933,3.04,0.54,9.2,0
737,2146,red,8.5,0.18,0.51,1.75,0.071,45.0,88.0,0.99524,3.33,0.76,11.8,1
738,245,white,6.2,0.27,0.32,6.3,0.048,47.0,159.0,0.99282,3.21,0.6,11.0,1
739,766,white,6.4,0.23,0.37,7.9,0.05,60.0,150.0,0.9948799999999999,2.86,0.49,9.3,1
740,471,white,8.8,0.23,0.35,10.7,0.04,26.0,183.0,0.9984,2.93,0.49,9.1,1
741,4494,red,7.2,0.66,0.03,2.3,0.078,16.0,86.0,0.9974299999999999,3.53,0.57,9.7,0
742,1917,white,7.0,0.27,0.74,1.3,0.17300000000000001,34.0,121.0,0.99334,3.04,0.46,9.2,1
743,422,white,7.0,0.23,0.26,7.2,0.040999999999999995,21.0,90.0,0.9950899999999999,3.22,0.55,9.5,1
744,2383,white,9.0,0.26,0.34,6.7,0.028999999999999998,21.0,162.0,0.99497,3.08,0.5,10.6,1
745,4496,red,8.9,0.31,0.36,2.6,0.055999999999999994,10.0,39.0,0.9956200000000001,3.4,0.69,11.8,0
746,1536,white,5.8,0.28,0.3,3.9,0.026000000000000002,36.0,105.0,0.9896299999999999,3.26,0.58,12.75,1
747,2789,white,9.8,0.36,0.45,1.6,0.042,11.0,124.0,0.9944,2.93,0.46,10.8,0
748,1022,white,6.3,0.4,0.24,5.1,0.036000000000000004,43.0,131.0,0.9918600000000001,3.24,0.44,11.3,1
749,1160,red,7.7,0.715,0.01,2.1,0.064,31.0,43.0,0.99371,3.41,0.57,11.8,1
750,1606,white,6.9,0.54,0.26,12.7,0.049,59.0,195.0,0.9959600000000001,3.26,0.54,10.5,1
751,4427,red,9.0,0.58,0.25,2.8,0.075,9.0,104.0,0.99779,3.23,0.57,9.7,0
752,1678,white,6.5,0.33,0.32,1.0,0.040999999999999995,39.0,120.0,0.9900399999999999,3.06,0.37,12.2,1
753,3972,white,4.9,0.335,0.14,1.3,0.036000000000000004,69.0,168.0,0.9921200000000001,3.47,0.46,10.46666667,0
754,1757,red,7.2,0.36,0.46,2.1,0.07400000000000001,24.0,44.0,0.99534,3.4,0.85,11.0,1
755,3748,white,6.3,0.33,0.2,17.9,0.066,36.0,161.0,0.9991,3.14,0.51,8.8,0
756,3452,white,7.9,0.2,0.39,1.0,0.040999999999999995,37.0,154.0,0.99093,3.08,0.43,11.9,0
757,2777,white,7.3,0.31,0.69,10.2,0.040999999999999995,58.0,160.0,0.9977,3.06,0.45,8.6,0
758,1998,white,7.2,0.24,0.3,1.2,0.037000000000000005,11.0,95.0,0.9891399999999999,2.96,0.36,12.5,1
759,4330,red,8.2,0.56,0.23,3.4,0.078,14.0,104.0,0.9976,3.28,0.62,9.4,0
760,4708,red,6.7,0.7,0.08,3.75,0.067,8.0,16.0,0.99334,3.43,0.52,12.6,0
761,1088,white,6.8,0.18,0.28,8.5,0.047,52.0,242.0,0.9952,3.22,0.53,10.5,1
762,1497,red,5.2,0.49,0.26,2.3,0.09,23.0,74.0,0.9953,3.71,0.62,12.2,1
763,348,white,5.9,0.19,0.26,7.4,0.034,33.0,123.0,0.995,3.49,0.42,10.1,1
764,4610,red,11.3,0.37,0.5,1.8,0.09,20.0,47.0,0.99734,3.15,0.57,10.5,0
765,2587,white,5.9,0.37,0.1,1.6,0.057,39.0,128.0,0.9924,3.24,0.48,10.1,0
766,393,white,6.8,0.23,0.48,1.5,0.036000000000000004,35.0,165.0,0.9916200000000001,3.18,0.45,11.3,1
767,369,white,6.3,0.26,0.42,7.1,0.045,62.0,209.0,0.99544,3.2,0.53,9.5,1
768,3222,white,7.1,0.4,0.52,1.3,0.14800000000000002,45.0,149.0,0.9946799999999999,3.08,0.56,8.7,0
769,4487,red,7.2,0.6,0.04,2.5,0.076,18.0,88.0,0.99745,3.53,0.55,9.5,0
770,2074,white,7.6,0.21,0.6,2.1,0.046,47.0,165.0,0.9936,3.05,0.54,10.1,1
771,1883,white,5.7,0.22,0.22,16.65,0.044000000000000004,39.0,110.0,0.99855,3.24,0.48,9.0,1
772,4053,red,8.1,0.66,0.22,2.2,0.069,9.0,23.0,0.9968,3.3,1.2,10.3,0
773,1538,red,11.6,0.53,0.66,3.65,0.121,6.0,14.0,0.9978,3.05,0.74,11.5,1
774,2431,white,6.5,0.425,0.4,13.1,0.038,59.0,241.0,0.9979,3.23,0.57,9.0,0
775,207,white,6.6,0.32,0.22,16.7,0.046,38.0,133.0,0.9979,3.22,0.67,10.4,1
776,4675,red,7.3,0.59,0.26,2.0,0.08,17.0,104.0,0.99584,3.28,0.52,9.9,0
777,1169,white,6.8,0.37,0.67,1.5,0.175,16.0,98.0,0.99244,3.06,0.56,10.3,1
778,361,white,7.1,0.18,0.74,15.6,0.044000000000000004,44.0,176.0,0.9996,3.38,0.67,9.0,1
779,3515,white,6.6,0.25,0.33,8.5,0.042,29.0,141.0,0.99546,3.28,0.6,10.4,0
780,2826,white,7.3,0.27,0.39,6.7,0.064,28.0,188.0,0.9958,3.29,0.3,9.7,0
781,2362,red,9.3,0.38,0.48,3.8,0.132,3.0,11.0,0.99577,3.23,0.57,13.2,1
782,4183,red,6.9,0.52,0.25,2.6,0.081,10.0,37.0,0.99685,3.46,0.5,11.0,0
783,2157,white,7.5,0.35,0.28,9.6,0.051,26.0,157.0,0.9969,3.12,0.53,9.2,1
784,2617,white,5.6,0.35,0.14,5.0,0.046,48.0,198.0,0.9937,3.3,0.71,10.3,0
785,1406,white,6.3,0.32,0.32,1.5,0.037000000000000005,12.0,76.0,0.98993,3.3,0.46,12.3,1
786,2621,white,6.4,0.24,0.29,11.4,0.051,32.0,166.0,0.9968,3.31,0.45,9.5,0
787,3032,white,7.7,0.3,0.42,14.3,0.045,45.0,213.0,0.9991,3.18,0.63,9.2,0
788,2774,white,7.7,0.34,0.3,8.0,0.048,25.0,192.0,0.9951,2.97,0.47,10.9,0
789,4767,red,5.9,0.645,0.12,2.0,0.075,32.0,44.0,0.9954700000000001,3.57,0.71,10.2,0
790,3668,white,6.5,0.26,0.34,1.4,0.04,25.0,184.0,0.99216,3.29,0.46,10.7,0
791,3278,white,9.2,0.16,0.49,2.0,0.044000000000000004,18.0,107.0,0.9951399999999999,3.1,0.53,10.2,0
792,4259,red,9.3,0.48,0.29,2.1,0.127,6.0,16.0,0.9968,3.22,0.72,11.2,0
793,4387,red,7.0,0.78,0.08,2.0,0.09300000000000001,10.0,19.0,0.9956,3.4,0.47,10.0,0
794,2166,white,7.0,0.31,0.26,7.4,0.069,28.0,160.0,0.9954,3.13,0.46,9.8,1
795,457,white,6.6,0.29,0.39,6.75,0.031,22.0,98.0,0.9913,3.15,0.8,12.9,1
796,4115,red,8.0,0.745,0.56,2.0,0.11800000000000001,30.0,134.0,0.9968,3.24,0.66,9.4,0
797,1075,red,6.0,0.58,0.2,2.4,0.075,15.0,50.0,0.99467,3.58,0.67,12.5,1
798,3179,white,6.9,0.32,0.13,7.8,0.042,11.0,117.0,0.996,3.23,0.37,9.2,0
799,144,white,7.0,0.15,0.28,14.7,0.051,29.0,149.0,0.99792,2.96,0.39,9.0,1
800,2641,white,6.0,0.36,0.16,6.3,0.036000000000000004,36.0,191.0,0.9942,3.17,0.62,9.8,0
801,1892,white,8.3,0.26,0.41,9.2,0.042,41.0,162.0,0.9944,3.1,0.38,12.0,1
802,3976,white,6.8,0.63,0.04,1.3,0.057999999999999996,25.0,133.0,0.99271,3.17,0.39,10.2,0
803,12,white,6.4,0.15,0.4,1.5,0.042,23.0,87.0,0.98972,3.11,0.46,12.2,1
804,2185,white,8.1,0.28,0.49,1.0,0.04,32.0,148.0,0.9936,3.13,0.41,10.0,1
805,1803,white,8.6,0.265,0.36,1.2,0.034,15.0,80.0,0.9913,2.95,0.36,11.4,1
806,4491,red,10.7,0.9,0.34,6.6,0.11199999999999999,23.0,99.0,1.00289,3.22,0.68,9.3,0
807,2505,white,7.3,0.32,0.25,7.2,0.055999999999999994,47.0,180.0,0.9961,3.08,0.47,8.8,0
808,194,red,6.8,0.6,0.18,1.9,0.079,18.0,86.0,0.9968,3.59,0.57,9.3,1
809,4424,red,8.1,0.87,0.0,2.2,0.084,10.0,31.0,0.99656,3.25,0.5,9.8,0
810,3019,white,7.6,0.26,0.58,7.9,0.040999999999999995,62.0,180.0,0.9966,3.07,0.38,9.0,0
811,738,white,7.3,0.23,0.27,2.6,0.035,39.0,120.0,0.9913799999999999,3.04,0.59,11.3,1
812,1190,white,7.2,0.23,0.39,2.3,0.033,29.0,102.0,0.9908,3.26,0.54,12.3,1
813,1677,white,7.7,0.49,1.0,19.6,0.03,28.0,135.0,0.9973,3.24,0.4,12.0,1
814,2589,white,6.0,0.26,0.5,2.2,0.048,59.0,153.0,0.9928,3.08,0.61,9.8,0
815,2231,red,10.6,0.44,0.68,4.1,0.114,6.0,24.0,0.997,3.06,0.66,13.4,1
816,4430,red,8.8,0.59,0.18,2.9,0.08900000000000001,12.0,74.0,0.9973799999999999,3.14,0.54,9.4,0
817,3007,white,7.5,0.33,0.39,12.4,0.065,29.0,119.0,0.9974,3.16,0.39,9.4,0
818,4648,red,7.4,0.64,0.17,5.4,0.168,52.0,98.0,0.99736,3.28,0.5,9.5,0
819,2217,red,7.5,0.51,0.02,1.7,0.084,13.0,31.0,0.9953799999999999,3.36,0.54,10.5,1
820,3892,white,7.4,0.27,0.26,11.8,0.053,55.0,173.0,0.9969899999999999,3.11,0.6,9.8,0
821,4537,red,7.4,0.965,0.0,2.2,0.08800000000000001,16.0,32.0,0.99756,3.58,0.67,10.2,0
822,968,red,6.1,0.21,0.4,1.4,0.066,40.5,165.0,0.9912,3.25,0.59,11.9,1
823,3804,white,7.4,0.31,0.26,8.6,0.048,47.0,206.0,0.9964,3.26,0.36,9.1,0
824,1830,white,6.4,0.22,0.32,4.9,0.046,50.0,156.0,0.99316,3.38,0.55,11.2,1
825,1235,white,8.4,0.35,0.56,13.8,0.048,55.0,190.0,0.9993,3.07,0.58,9.4,1
826,3793,white,6.9,0.37,0.23,9.5,0.057,54.0,166.0,0.9956799999999999,3.23,0.42,10.0,0
827,1343,red,6.4,0.57,0.12,2.3,0.12,25.0,36.0,0.99519,3.47,0.71,11.3,1
828,774,white,6.8,0.52,0.26,5.7,0.038,27.0,130.0,0.99,3.11,0.27,13.0,1
829,732,white,6.9,0.19,0.35,13.5,0.038,49.0,118.0,0.99546,3.0,0.63,10.7,1
830,704,white,6.2,0.25,0.25,1.4,0.03,35.0,105.0,0.9912,3.3,0.44,11.1,1
831,2497,white,5.8,0.25,0.26,13.1,0.051,44.0,148.0,0.9972,3.29,0.38,9.3,0
832,651,white,5.9,0.445,0.26,1.4,0.027000000000000003,23.0,109.0,0.9914799999999999,3.3,0.36,10.5,1
833,3909,white,6.3,0.3,0.19,7.7,0.049,47.0,184.0,0.9951399999999999,3.22,0.48,9.5,0
834,1371,white,7.6,0.51,0.24,1.2,0.04,10.0,104.0,0.992,3.05,0.29,10.8,1
835,623,white,6.1,0.19,0.25,4.0,0.023,23.0,112.0,0.9923,3.37,0.51,11.6,1
836,3075,white,9.5,0.21,0.47,1.3,0.039,21.0,123.0,0.9959,2.9,0.64,9.5,0
837,3869,white,6.2,0.29,0.29,5.6,0.046,35.0,178.0,0.99313,3.25,0.51,10.53333333,0
838,4571,red,6.7,0.64,0.23,2.1,0.08,11.0,119.0,0.9953799999999999,3.36,0.7,10.9,0
839,1347,white,7.2,0.24,0.27,1.4,0.038,31.0,122.0,0.9927,3.15,0.46,10.3,1
840,2370,white,7.2,0.17,0.37,6.9,0.059000000000000004,47.0,128.0,0.9932200000000001,3.08,0.46,11.0,1
841,1960,white,8.8,0.39,0.35,1.8,0.096,22.0,80.0,0.99016,2.95,0.54,12.6,1
842,182,red,10.9,0.32,0.52,1.8,0.132,17.0,44.0,0.99734,3.28,0.77,11.5,1
843,80,white,6.0,0.29,0.41,10.8,0.048,55.0,149.0,0.9937,3.09,0.59,11.0,1
844,846,white,6.1,0.15,0.4,1.2,0.03,19.0,84.0,0.98926,3.19,0.96,13.0,1
845,2286,white,6.5,0.21,0.37,2.5,0.048,70.0,138.0,0.9917,3.33,0.75,11.4,1
846,648,white,6.9,0.23,0.34,4.0,0.047,24.0,128.0,0.9944,3.2,0.52,9.7,1
847,377,white,8.1,0.4,0.32,7.9,0.031,23.0,118.0,0.9917600000000001,3.05,0.46,13.3,1
848,467,red,9.1,0.3,0.41,2.0,0.068,10.0,24.0,0.99523,3.27,0.85,11.7,1
849,4737,red,6.1,0.32,0.25,2.3,0.071,23.0,58.0,0.9963299999999999,3.42,0.97,10.6,0
850,3599,white,8.0,0.24,0.48,6.8,0.047,13.0,134.0,0.99616,3.23,0.7,10.0,0
851,2071,white,6.2,0.26,0.19,3.4,0.049,47.0,172.0,0.9924,3.14,0.43,10.4,1
852,1547,white,6.3,0.2,0.26,1.6,0.027000000000000003,36.0,141.0,0.9926799999999999,3.53,0.56,10.8,1
853,2182,white,6.5,0.24,0.38,1.0,0.027000000000000003,31.0,90.0,0.98926,3.24,0.36,12.3,1
854,2323,red,7.1,0.6,0.01,2.3,0.079,24.0,37.0,0.9951399999999999,3.4,0.61,10.9,1
855,4633,red,7.2,0.835,0.0,2.0,0.166,4.0,11.0,0.99608,3.39,0.52,10.0,0
856,1269,red,6.5,0.34,0.27,2.8,0.067,8.0,44.0,0.99384,3.21,0.56,12.0,1
857,1376,red,5.9,0.61,0.08,2.1,0.071,16.0,24.0,0.9937600000000001,3.56,0.77,11.1,1
858,1770,red,8.2,0.35,0.33,2.4,0.076,11.0,47.0,0.9959899999999999,3.27,0.81,11.0,1
859,2287,white,7.2,0.2,0.3,2.0,0.039,43.0,188.0,0.9911,3.3,0.41,12.0,1
860,2196,white,7.1,0.25,0.3,2.4,0.042,25.0,122.0,0.9940000000000001,3.43,0.61,10.5,1
861,2203,red,7.1,0.27,0.6,2.1,0.07400000000000001,17.0,25.0,0.9981399999999999,3.38,0.72,10.6,1
862,2027,white,6.6,0.38,0.29,2.9,0.035,15.0,101.0,0.98916,3.04,0.37,12.5,1
863,3799,white,6.7,0.31,0.34,6.8,0.059000000000000004,51.0,215.0,0.9953799999999999,3.33,0.56,10.3,0
864,437,white,8.0,0.24,0.3,17.45,0.055999999999999994,43.0,184.0,0.9997,3.05,0.5,9.2,1
865,1210,white,6.8,0.3,0.27,11.6,0.027999999999999997,22.0,97.0,0.9931399999999999,2.96,0.38,11.7,1
866,1173,red,6.8,0.81,0.05,2.0,0.07,6.0,14.0,0.9956200000000001,3.51,0.66,10.8,1
867,849,white,6.6,0.36,0.28,6.1,0.028999999999999998,12.0,93.0,0.99054,3.19,0.27,12.8,1
868,2868,white,7.6,0.19,0.41,1.1,0.04,38.0,143.0,0.9907,2.92,0.42,11.4,0
869,3006,white,9.4,0.16,0.23,1.6,0.042,14.0,67.0,0.9942,3.07,0.32,9.5,0
870,1107,white,7.6,0.27,0.42,2.6,0.044000000000000004,29.0,110.0,0.9912,3.31,0.51,12.7,1
871,333,red,8.3,0.61,0.3,2.1,0.084,11.0,50.0,0.9972,3.4,0.61,10.2,1
872,1420,white,6.6,0.21,0.36,0.8,0.034,48.0,113.0,0.99165,3.24,0.68,10.5,1
873,2279,white,7.8,0.32,0.33,10.4,0.031,47.0,194.0,0.99692,3.07,0.58,9.6,1
874,2727,white,7.3,0.25,0.39,6.4,0.034,8.0,84.0,0.9942,3.18,0.46,11.5,0
875,970,white,6.9,0.44,0.27,5.0,0.038,33.0,166.0,0.99124,3.2,0.42,12.2,1
876,2490,white,5.8,0.24,0.44,3.5,0.028999999999999998,5.0,109.0,0.9913,3.53,0.43,11.7,0
877,4285,red,8.2,0.39,0.49,2.3,0.099,47.0,133.0,0.9979,3.38,0.99,9.8,0
878,3403,white,6.5,0.23,0.36,16.3,0.038,43.0,133.0,0.99924,3.26,0.41,8.8,0
879,4188,red,7.7,0.775,0.42,1.9,0.092,8.0,86.0,0.9959,3.23,0.59,9.5,0
880,3586,white,6.1,0.33,0.32,7.8,0.052000000000000005,52.0,183.0,0.9965700000000001,3.39,0.65,9.5,0
881,4093,red,5.0,1.02,0.04,1.4,0.045,41.0,85.0,0.9938,3.75,0.48,10.5,0
882,322,white,7.3,0.2,0.39,2.3,0.048,24.0,87.0,0.99044,2.94,0.35,12.0,1
883,4000,white,5.4,0.375,0.4,3.3,0.054000000000000006,29.0,147.0,0.99482,3.42,0.52,9.1,0
884,4663,red,8.0,0.6,0.22,2.1,0.08,25.0,105.0,0.99613,3.3,0.49,9.9,0
885,1321,red,12.8,0.3,0.74,2.6,0.095,9.0,28.0,0.9994,3.2,0.77,10.8,1
886,1676,white,8.1,0.2,0.36,9.7,0.044000000000000004,63.0,162.0,0.997,3.1,0.46,10.0,1
887,1024,white,6.7,0.41,0.24,5.4,0.035,33.0,115.0,0.9901,3.12,0.44,12.89333333,1
888,465,white,7.0,0.26,0.59,1.4,0.037000000000000005,40.0,120.0,0.9918,3.34,0.41,11.1,1
889,2104,red,5.4,0.42,0.27,2.0,0.092,23.0,55.0,0.99471,3.78,0.64,12.3,1
890,1487,white,6.6,0.19,0.35,1.5,0.037000000000000005,37.0,107.0,0.99006,3.18,0.68,12.0,1
891,2245,white,9.2,0.18,0.49,1.5,0.040999999999999995,39.0,130.0,0.9945,3.04,0.49,9.8,1
892,787,red,12.0,0.38,0.56,2.1,0.09300000000000001,6.0,24.0,0.99925,3.14,0.71,10.9,1
893,2063,white,7.0,0.32,0.31,6.4,0.031,38.0,115.0,0.99235,3.38,0.58,12.2,1
894,1698,red,8.3,0.49,0.36,1.8,0.222,6.0,16.0,0.998,3.18,0.6,9.5,1
895,4215,red,7.6,0.62,0.32,2.2,0.08199999999999999,7.0,54.0,0.9966,3.36,0.52,9.4,0
896,27,white,7.1,0.43,0.3,6.6,0.025,15.0,138.0,0.99126,3.18,0.46,12.6,1
897,1309,white,6.5,0.37,0.3,2.2,0.033,39.0,107.0,0.9889399999999999,3.22,0.53,13.5,1
898,79,white,6.7,0.25,0.74,19.4,0.054000000000000006,44.0,169.0,1.0004,3.51,0.45,9.8,1
899,2402,white,6.8,0.3,0.23,4.6,0.061,50.5,238.5,0.9958,3.32,0.6,9.5,0
900,2536,white,8.2,0.28,0.42,1.8,0.031,30.0,93.0,0.9917,3.09,0.39,11.4,0
901,3960,white,6.4,0.62,0.12,4.7,0.06,33.0,196.0,0.99556,3.22,0.48,8.9,0
902,3154,white,6.8,0.25,0.27,10.7,0.076,47.0,154.0,0.9967,3.05,0.38,9.0,0
903,2251,white,7.2,0.23,0.39,1.5,0.053,26.0,106.0,0.99166,3.18,0.47,11.1,1
904,1418,white,5.6,0.2,0.66,10.2,0.043,78.0,175.0,0.9945,2.98,0.43,10.4,1
905,2152,red,10.9,0.32,0.52,1.8,0.132,17.0,44.0,0.99734,3.28,0.77,11.5,1
906,77,white,5.8,0.26,0.29,1.0,0.042,35.0,101.0,0.99044,3.36,0.48,11.4,1
907,815,white,7.1,0.2,0.3,0.9,0.019,4.0,28.0,0.98931,3.2,0.36,12.0,1
908,4646,red,6.1,0.32,0.25,1.8,0.086,5.0,32.0,0.99464,3.36,0.44,10.1,0
909,1123,white,7.6,0.31,0.52,13.2,0.042,61.0,148.0,0.99839,2.98,0.47,9.1,1
910,3903,white,6.1,0.21,0.19,1.4,0.046,51.0,131.0,0.9918399999999999,3.22,0.39,10.5,0
911,4431,red,7.5,0.6,0.32,2.7,0.10300000000000001,13.0,98.0,0.9993799999999999,3.45,0.62,9.5,0
912,1643,white,6.4,0.26,0.21,7.1,0.04,35.0,162.0,0.9956,3.39,0.58,9.9,1
913,1365,white,7.1,0.17,0.4,14.55,0.047,47.0,156.0,0.99945,3.34,0.78,9.1,1
914,4468,red,7.6,0.665,0.1,1.5,0.066,27.0,55.0,0.99655,3.39,0.51,9.3,0
915,1159,white,6.9,0.22,0.31,6.3,0.028999999999999998,41.0,131.0,0.99326,3.08,0.49,10.8,1
916,360,white,6.8,0.45,0.28,26.05,0.031,27.0,122.0,1.00295,3.06,0.42,10.6,1
917,4034,red,7.8,0.61,0.29,1.6,0.114,9.0,29.0,0.9974,3.26,1.56,9.1,0
918,3813,white,7.1,0.34,0.86,1.4,0.174,36.0,99.0,0.9928799999999999,2.92,0.5,9.3,0
919,4131,red,7.5,0.6,0.03,1.8,0.095,25.0,99.0,0.995,3.35,0.54,10.1,0
920,2205,white,8.5,0.21,0.26,9.25,0.034,73.0,142.0,0.9945,3.05,0.37,11.4,1
921,1423,white,6.2,0.21,0.28,5.7,0.027999999999999997,45.0,121.0,0.9916799999999999,3.21,1.08,12.15,1
922,3323,white,7.6,0.31,0.23,12.7,0.054000000000000006,20.0,139.0,0.99836,3.16,0.5,9.7,0
923,4651,red,8.0,0.83,0.27,2.0,0.08,11.0,63.0,0.9965200000000001,3.29,0.48,9.8,0
924,695,white,6.7,0.26,0.29,7.7,0.038,40.0,179.0,0.99479,3.23,0.56,10.4,1
925,3256,white,8.9,0.21,0.37,1.2,0.027999999999999997,20.0,93.0,0.99244,3.2,0.37,11.5,0
926,3354,white,7.3,0.37,0.16,14.9,0.048,59.0,240.0,0.99902,3.13,0.45,8.9,0
927,3670,white,7.4,0.2,0.35,6.1,0.025,10.0,40.0,0.99244,2.79,0.52,10.9,0
928,3162,white,7.2,0.16,0.26,7.1,0.054000000000000006,41.0,224.0,0.9966,3.38,0.55,10.1,0
929,3030,white,6.6,0.31,0.38,16.05,0.057999999999999996,16.0,165.0,0.9997,3.38,0.6,9.2,0
930,545,white,8.2,0.2,0.49,3.5,0.057,14.0,108.0,0.9928,3.19,0.35,11.5,1
931,488,white,7.4,0.26,0.43,6.0,0.022000000000000002,22.0,125.0,0.9928,3.13,0.55,11.5,1
932,1028,red,7.2,0.38,0.31,2.0,0.055999999999999994,15.0,29.0,0.99472,3.23,0.76,11.3,1
933,2407,white,7.1,0.34,0.2,6.1,0.063,47.0,164.0,0.9946,3.17,0.42,10.0,0
934,2113,white,6.4,0.28,0.29,1.6,0.052000000000000005,34.0,127.0,0.9929,3.48,0.56,10.5,1
935,2430,white,5.7,0.26,0.25,10.4,0.02,7.0,57.0,0.9940000000000001,3.39,0.37,10.6,0
936,579,white,6.6,0.43,0.24,11.9,0.04,54.0,159.0,0.9962200000000001,3.14,0.54,9.8,1
937,3935,white,6.1,0.4,0.18,9.0,0.051,28.5,259.0,0.9964,3.19,0.5,8.8,0
938,4625,red,7.0,0.62,0.1,1.4,0.071,27.0,63.0,0.996,3.28,0.61,9.2,0
939,4733,red,6.1,0.32,0.25,2.3,0.071,23.0,58.0,0.9963299999999999,3.42,0.97,10.6,0
940,1095,red,6.9,0.45,0.11,2.4,0.043,6.0,12.0,0.99354,3.3,0.65,11.4,1
941,2573,white,7.2,0.34,0.34,12.6,0.048,7.0,41.0,0.9942,3.19,0.4,11.7,0
942,3743,white,4.9,0.345,0.34,1.0,0.068,32.0,143.0,0.9913799999999999,3.24,0.4,10.1,0
943,4074,red,7.7,0.67,0.23,2.1,0.08800000000000001,17.0,96.0,0.9962,3.32,0.48,9.5,0
944,785,red,7.2,0.33,0.33,1.7,0.061,3.0,13.0,0.996,3.23,1.1,10.0,1
945,776,white,6.8,0.27,0.3,13.0,0.047,69.0,160.0,0.99705,3.16,0.5,9.6,1
946,3691,white,8.1,0.2,0.3,1.3,0.036000000000000004,7.0,49.0,0.9924200000000001,2.99,0.73,10.3,0
947,1180,red,7.2,0.25,0.37,2.5,0.063,11.0,41.0,0.99439,3.52,0.8,12.4,1
